-- phpMyAdmin SQL Dump
-- version 5.2.0
-- https://www.phpmyadmin.net/
--
-- Gép: 127.0.0.1
-- Létrehozás ideje: 2023. Jan 09. 17:08
-- Kiszolgáló verziója: 10.4.24-MariaDB
-- PHP verzió: 8.1.6

SET SQL_MODE = "NO_AUTO_VALUE_ON_ZERO";
START TRANSACTION;
SET time_zone = "+00:00";


/*!40101 SET @OLD_CHARACTER_SET_CLIENT=@@CHARACTER_SET_CLIENT */;
/*!40101 SET @OLD_CHARACTER_SET_RESULTS=@@CHARACTER_SET_RESULTS */;
/*!40101 SET @OLD_COLLATION_CONNECTION=@@COLLATION_CONNECTION */;
/*!40101 SET NAMES utf8mb4 */;

--
-- Adatbázis: `jarmukolcsonzo`
--
CREATE DATABASE IF NOT EXISTS `jarmukolcsonzo` DEFAULT CHARACTER SET utf8mb4 COLLATE utf8mb4_general_ci;
USE `jarmukolcsonzo`;

-- --------------------------------------------------------

--
-- Tábla szerkezet ehhez a táblához `jarmuvek`
--

CREATE TABLE `jarmuvek` (
  `id` int(11) NOT NULL,
  `rendszam` varchar(7) NOT NULL,
  `tipus_id` int(11) NOT NULL,
  `dij` int(5) NOT NULL,
  `elerheto` tinyint(1) NOT NULL,
  `szerviz_datum` date DEFAULT NULL
) ENGINE=InnoDB DEFAULT CHARSET=utf8mb4;

--
-- A tábla adatainak kiíratása `jarmuvek`
--

INSERT INTO `jarmuvek` (`id`, `rendszam`, `tipus_id`, `dij`, `elerheto`, `szerviz_datum`) VALUES
(1, 'GAC-688', 20, 20000, 1, '2020-03-05'),
(2, 'GAO-870', 19, 20000, 0, '2020-11-15'),
(3, 'GCJ-707', 4, 35000, 1, '2019-09-11'),
(4, 'GCN-236', 16, 10000, 1, '2020-02-05'),
(5, 'GCY-830', 1, 20000, 1, '2020-06-30'),
(6, 'GDE-989', 9, 25000, 1, '2019-03-01'),
(7, 'GEG-407', 3, 10000, 1, '2020-11-11'),
(8, 'GGG-497', 16, 25000, 1, '2019-12-02'),
(9, 'GGI-399', 11, 25000, 1, '2020-07-25'),
(10, 'GGI-864', 20, 30000, 1, '2020-09-26'),
(11, 'GHD-828', 11, 20000, 1, '2020-05-10'),
(12, 'GHG-314', 4, 25000, 1, '2019-12-28'),
(13, 'GHI-008', 5, 10000, 1, '2019-03-28'),
(14, 'GHS-739', 13, 20000, 1, '2020-06-10'),
(15, 'GHU-212', 9, 25000, 1, '2019-09-26'),
(16, 'GHY-007', 9, 35000, 1, '2020-07-23'),
(17, 'GIF-733', 1, 10000, 1, '2020-10-13'),
(18, 'GIQ-207', 17, 10000, 1, '2020-05-20'),
(19, 'GKB-646', 14, 20000, 1, '2019-03-02'),
(20, 'GKN-888', 1, 25000, 1, '2020-11-15'),
(21, 'GKP-234', 20, 20000, 1, '2020-01-20'),
(22, 'GKT-431', 11, 10000, 1, '2020-08-18'),
(23, 'GLB-031', 7, 15000, 1, '2019-06-21'),
(24, 'GLB-514', 20, 20000, 1, '2020-04-06'),
(25, 'GLS-270', 10, 30000, 1, '2020-11-18'),
(26, 'GMY-191', 16, 25000, 1, '2019-11-29'),
(27, 'GNW-875', 4, 35000, 1, '2020-09-17'),
(28, 'GOJ-758', 10, 20000, 1, '2020-03-11'),
(29, 'GOP-266', 7, 20000, 1, '2020-08-10'),
(30, 'GPK-782', 14, 25000, 1, '2020-11-13'),
(31, 'GPU-686', 18, 20000, 1, '2019-05-20'),
(32, 'GQK-963', 9, 10000, 1, '2020-06-25'),
(33, 'GQX-993', 6, 20000, 1, '2019-01-25'),
(34, 'GRO-531', 3, 15000, 1, '2019-06-10'),
(35, 'GSF-320', 11, 20000, 1, '2020-06-09'),
(36, 'GSL-971', 8, 25000, 1, '2019-06-28'),
(37, 'GSV-410', 2, 30000, 1, '2019-04-06'),
(38, 'GTB-868', 19, 25000, 1, '2020-11-23'),
(39, 'GTD-770', 17, 25000, 1, '2020-10-13'),
(40, 'GTJ-602', 18, 15000, 1, '2019-01-29'),
(41, 'GTM-893', 9, 30000, 1, '2019-01-11'),
(42, 'GTP-505', 2, 35000, 1, '2019-12-03'),
(43, 'GUU-135', 19, 10000, 1, '2019-10-09'),
(44, 'GVF-137', 6, 25000, 1, '2020-05-23'),
(45, 'GWR-067', 6, 15000, 1, '2019-07-15'),
(46, 'GWR-479', 19, 35000, 1, '2019-11-09'),
(47, 'GWT-776', 12, 10000, 1, '2020-05-15'),
(48, 'GWU-378', 9, 25000, 1, '2020-01-18'),
(49, 'GWY-070', 10, 20000, 1, '2019-06-23'),
(50, 'GXK-213', 5, 30000, 1, '2019-11-18'),
(51, 'HBN-408', 3, 25000, 0, '2019-12-20'),
(52, 'HBN-630', 13, 30000, 0, '2019-08-10'),
(53, 'HBX-494', 1, 35000, 0, '2020-04-22'),
(54, 'HCU-204', 8, 35000, 0, '2020-05-19'),
(55, 'HCY-384', 14, 35000, 0, '2019-06-30'),
(56, 'HDC-664', 3, 35000, 0, '2020-09-14'),
(57, 'HDI-048', 17, 15000, 0, '2020-09-27'),
(58, 'HDU-757', 5, 25000, 0, '2020-04-15'),
(59, 'HEN-432', 12, 25000, 0, '2019-08-02'),
(60, 'HFQ-506', 14, 20000, 0, '2019-03-05'),
(61, 'HHH-953', 12, 25000, 0, '2019-03-19'),
(62, 'HHL-935', 20, 25000, 0, '2019-10-27'),
(63, 'HHP-225', 11, 20000, 0, '2020-11-03'),
(64, 'HHT-581', 5, 35000, 0, '2019-02-11'),
(65, 'HHW-563', 13, 35000, 0, '2019-11-01'),
(66, 'HII-641', 16, 10000, 0, '2020-11-09'),
(67, 'HIM-874', 12, 25000, 0, '2019-10-31'),
(68, 'HJK-911', 6, 35000, 0, '2019-11-15'),
(69, 'HJR-540', 13, 30000, 0, '2020-01-18'),
(70, 'HKD-686', 1, 20000, 0, '2019-05-24'),
(71, 'HKJ-074', 15, 35000, 0, '2019-06-01'),
(72, 'HKK-060', 3, 35000, 0, '2019-11-16'),
(73, 'HLH-090', 13, 35000, 0, '2019-03-10'),
(74, 'HMP-666', 15, 15000, 0, '2020-03-06'),
(75, 'HMQ-098', 8, 25000, 0, '2019-01-06'),
(76, 'HMT-074', 17, 10000, 0, '2019-01-11'),
(77, 'HNO-764', 14, 25000, 0, '2019-02-06'),
(78, 'HNQ-803', 18, 15000, 0, '2019-12-18'),
(79, 'HOC-740', 19, 10000, 0, '2020-06-26'),
(80, 'HPI-956', 1, 10000, 0, '2020-09-15'),
(81, 'HPQ-833', 3, 10000, 0, '2020-07-25'),
(82, 'HPR-199', 3, 25000, 0, '2019-05-20'),
(83, 'HQV-419', 17, 30000, 0, '2020-09-23'),
(84, 'HRY-314', 10, 15000, 0, '2020-07-12'),
(85, 'HTG-495', 15, 30000, 0, '2019-12-06'),
(86, 'HUL-186', 6, 15000, 0, '2019-02-02'),
(87, 'HVB-511', 11, 25000, 0, '2019-07-30'),
(88, 'HWA-136', 8, 35000, 0, '2019-12-06'),
(89, 'HWK-176', 1, 10000, 0, '2020-06-03'),
(90, 'HWT-760', 7, 25000, 0, '2019-10-02'),
(91, 'HXL-355', 14, 10000, 0, '2020-05-03'),
(92, 'HYP-133', 1, 15000, 0, '2020-08-04'),
(93, 'IAG-959', 1, 10000, 1, '2019-02-27'),
(94, 'IAL-501', 11, 15000, 1, '2019-04-16'),
(95, 'IAL-783', 14, 30000, 1, '2019-07-15'),
(96, 'IAX-019', 9, 10000, 1, '2019-09-19'),
(97, 'IBL-607', 9, 10000, 1, '2019-02-07'),
(98, 'IBW-589', 13, 35000, 1, '2020-04-08'),
(99, 'IDO-537', 5, 15000, 1, '2020-03-24'),
(100, 'IEF-947', 12, 35000, 1, '2019-01-14'),
(101, 'IEG-723', 11, 10000, 1, '2019-07-24'),
(102, 'IEM-941', 15, 20000, 1, '2019-12-18'),
(103, 'IEP-567', 14, 30000, 1, '2020-11-13'),
(104, 'IGG-904', 16, 35000, 1, '2019-02-10'),
(105, 'IGY-818', 2, 25000, 1, '2020-10-03'),
(106, 'IHF-864', 10, 20000, 1, '2020-05-17'),
(107, 'IHW-164', 18, 10000, 1, '2020-06-17'),
(108, 'IIL-245', 2, 25000, 1, '2020-08-13'),
(109, 'IIQ-306', 15, 30000, 1, '2020-08-31'),
(110, 'IKS-792', 3, 10000, 1, '2020-08-13'),
(111, 'IOO-264', 12, 30000, 1, '2020-08-11'),
(112, 'IPC-445', 8, 10000, 1, '2020-09-23'),
(113, 'IPF-470', 2, 30000, 1, '2019-03-04'),
(114, 'IPP-709', 8, 30000, 1, '2020-02-26'),
(115, 'IPV-991', 14, 25000, 1, '2019-09-27'),
(116, 'IQR-781', 20, 15000, 1, '2020-02-06'),
(117, 'IQS-703', 5, 30000, 1, '2020-01-07'),
(118, 'IQW-404', 7, 35000, 1, '2019-05-17'),
(119, 'IQX-325', 16, 30000, 1, '2020-01-26'),
(120, 'IRA-092', 12, 10000, 1, '2019-07-14'),
(121, 'ISN-346', 19, 25000, 1, '2020-01-06'),
(122, 'IUB-614', 14, 10000, 1, '2020-03-30'),
(123, 'IUT-767', 1, 25000, 1, '2020-09-29'),
(124, 'IUX-707', 7, 20000, 1, '2019-06-19'),
(125, 'IVE-263', 15, 20000, 1, '2019-10-27'),
(126, 'IVE-401', 17, 25000, 1, '2019-07-26'),
(127, 'IVJ-099', 18, 20000, 1, '2020-03-23'),
(128, 'IVL-515', 1, 20000, 1, '2020-02-17'),
(129, 'IWB-039', 9, 10000, 1, '2019-10-13'),
(130, 'IWN-527', 18, 20000, 1, '2019-04-29'),
(131, 'IWR-346', 10, 20000, 1, '2019-07-20'),
(132, 'IXN-204', 10, 10000, 1, '2020-04-12'),
(133, 'IYI-013', 9, 15000, 1, '2020-03-19'),
(134, 'IYK-163', 11, 15000, 1, '2019-09-27'),
(135, 'IYM-692', 7, 25000, 1, '2019-04-05'),
(136, 'JAC-316', 1, 20000, 1, '2020-08-02'),
(137, 'JAP-397', 17, 30000, 1, '2020-06-22'),
(138, 'JBF-032', 8, 35000, 1, '2019-09-25'),
(139, 'JBO-694', 9, 20000, 1, '2020-08-05'),
(140, 'JBT-981', 13, 20000, 1, '2019-10-11'),
(141, 'JBU-465', 11, 35000, 1, '2019-08-12'),
(142, 'JCH-310', 4, 25000, 1, '2019-12-25'),
(143, 'JCO-273', 13, 35000, 1, '2020-09-08'),
(144, 'JDM-540', 2, 10000, 1, '2020-02-08'),
(145, 'JEV-514', 20, 20000, 1, '2020-03-31'),
(146, 'JEY-529', 12, 25000, 1, '2019-07-05'),
(147, 'JGH-785', 10, 25000, 1, '2019-04-18'),
(148, 'JHS-749', 2, 25000, 1, '2019-12-22'),
(149, 'JHT-482', 15, 35000, 1, '2019-09-08'),
(150, 'JHT-614', 3, 15000, 1, '2020-11-15'),
(151, 'JIB-510', 10, 20000, 1, '2019-06-01'),
(152, 'JIE-759', 14, 35000, 1, '2019-11-19'),
(153, 'JIH-347', 5, 25000, 1, '2020-08-12'),
(154, 'JII-695', 15, 25000, 1, '2020-05-23'),
(155, 'JJF-391', 11, 15000, 1, '2019-12-13'),
(156, 'JJK-091', 19, 35000, 1, '2020-06-21'),
(157, 'JJN-090', 4, 25000, 1, '2020-02-27'),
(158, 'JKD-298', 10, 25000, 1, '2020-11-12'),
(159, 'JKM-494', 10, 35000, 1, '2020-04-02'),
(160, 'JLA-810', 14, 35000, 1, '2020-08-10'),
(161, 'JLA-859', 19, 30000, 1, '2020-06-15'),
(162, 'JLC-242', 19, 25000, 1, '2019-04-26'),
(163, 'JLJ-213', 5, 30000, 1, '2020-07-10'),
(164, 'JLN-105', 20, 15000, 1, '2019-03-29'),
(165, 'JNC-534', 11, 15000, 1, '2020-04-15'),
(166, 'JNG-299', 18, 25000, 1, '2020-11-16'),
(167, 'JNP-144', 7, 10000, 1, '2019-03-15'),
(168, 'JON-067', 14, 30000, 1, '2020-04-12'),
(169, 'JOU-772', 12, 10000, 1, '2019-05-30'),
(170, 'JQE-532', 9, 10000, 1, '2020-01-13'),
(171, 'JQE-902', 6, 30000, 1, '2020-09-25'),
(172, 'JQI-813', 4, 25000, 1, '2020-11-22'),
(173, 'JRD-229', 1, 25000, 1, '2019-09-27'),
(174, 'JSJ-184', 1, 15000, 1, '2019-02-26'),
(175, 'JSQ-037', 13, 30000, 1, '2020-09-13'),
(176, 'JSR-343', 15, 25000, 1, '2019-01-30'),
(177, 'JTD-846', 20, 10000, 1, '2020-01-19'),
(178, 'JUF-798', 14, 30000, 1, '2020-03-02'),
(179, 'JUG-740', 2, 30000, 1, '2020-03-20'),
(180, 'JVB-178', 11, 20000, 1, '2020-08-02'),
(181, 'JVJ-730', 18, 30000, 1, '2019-10-17'),
(182, 'JWJ-364', 17, 10000, 1, '2020-03-06'),
(183, 'JXG-248', 20, 25000, 1, '2019-11-08'),
(184, 'JXG-912', 1, 10000, 1, '2019-01-22'),
(185, 'JYN-778', 11, 35000, 1, '2020-05-21'),
(186, 'JYY-785', 8, 35000, 1, '2020-05-10'),
(187, 'KAB-637', 6, 15000, 1, '2020-02-24'),
(188, 'KBB-335', 1, 30000, 1, '2019-10-01'),
(189, 'KDF-265', 14, 15000, 1, '2019-04-14'),
(190, 'KDL-234', 18, 30000, 1, '2020-05-30'),
(191, 'KEM-495', 19, 35000, 1, '2020-04-11'),
(192, 'KEQ-102', 12, 30000, 1, '2019-06-07'),
(193, 'KGG-719', 5, 25000, 1, '2020-03-23'),
(194, 'KGY-966', 9, 25000, 1, '2019-03-01'),
(195, 'KJW-250', 20, 10000, 1, '2019-12-10'),
(196, 'KKE-287', 5, 10000, 1, '2020-05-19'),
(197, 'KLA-104', 4, 15000, 1, '2019-02-17'),
(198, 'KLR-397', 11, 20000, 1, '2019-01-03'),
(199, 'KLU-754', 12, 15000, 1, '2019-08-26'),
(200, 'KMI-937', 13, 25000, 1, '2019-03-20'),
(201, 'KMO-586', 17, 35000, 1, '2019-12-27'),
(202, 'KMX-781', 10, 15000, 1, '2019-08-19'),
(203, 'KNB-070', 10, 15000, 1, '2019-04-06'),
(204, 'KNG-671', 2, 25000, 1, '2020-06-26'),
(205, 'KNU-970', 1, 25000, 1, '2020-01-24'),
(206, 'KOA-428', 5, 15000, 1, '2020-06-01'),
(207, 'KOM-275', 16, 15000, 1, '2019-05-04'),
(208, 'KOO-646', 5, 35000, 1, '2019-07-04'),
(209, 'KOO-956', 12, 25000, 1, '2020-02-16'),
(210, 'KPF-878', 13, 20000, 1, '2019-09-11'),
(211, 'KPK-224', 6, 30000, 1, '2020-06-03'),
(212, 'KPN-025', 3, 15000, 1, '2019-07-30'),
(213, 'KPP-939', 4, 20000, 1, '2019-11-21'),
(214, 'KPV-078', 12, 30000, 1, '2019-06-27'),
(215, 'KQD-684', 6, 20000, 1, '2019-02-25'),
(216, 'KQK-150', 14, 15000, 1, '2019-11-08'),
(217, 'KQM-162', 7, 30000, 1, '2020-03-06'),
(218, 'KRI-748', 5, 10000, 1, '2020-09-17'),
(219, 'KRL-339', 2, 30000, 1, '2020-01-23'),
(220, 'KSG-550', 2, 15000, 1, '2019-10-06'),
(221, 'KSI-738', 2, 10000, 1, '2020-05-10'),
(222, 'KTM-724', 13, 20000, 1, '2019-06-15'),
(223, 'KUF-911', 6, 10000, 1, '2019-10-17'),
(224, 'KUP-115', 8, 25000, 1, '2019-04-17'),
(225, 'KUP-451', 2, 15000, 1, '2020-10-08'),
(226, 'KUR-927', 8, 10000, 1, '2020-04-11'),
(227, 'KUY-448', 18, 10000, 1, '2020-07-26'),
(228, 'KVD-491', 16, 25000, 1, '2020-05-13'),
(229, 'KWS-448', 10, 30000, 1, '2020-03-09'),
(230, 'KWX-150', 1, 10000, 1, '2019-12-12'),
(231, 'KYH-645', 16, 25000, 1, '2020-05-15'),
(232, 'LAS-049', 18, 25000, 1, '2020-05-31'),
(233, 'LAS-926', 2, 25000, 1, '2019-10-11'),
(234, 'LCE-865', 17, 15000, 1, '2020-06-19'),
(235, 'LCF-055', 9, 35000, 1, '2019-09-08'),
(236, 'LCJ-810', 8, 35000, 1, '2020-11-23'),
(237, 'LCK-516', 16, 15000, 1, '2020-06-15'),
(238, 'LDN-259', 19, 35000, 1, '2020-10-13'),
(239, 'LDR-180', 16, 35000, 1, '2019-12-11'),
(240, 'LEB-608', 15, 25000, 1, '2019-04-17'),
(241, 'LEK-590', 17, 20000, 1, '2019-05-07'),
(242, 'LFI-472', 8, 25000, 1, '2020-09-24'),
(243, 'LFO-735', 9, 35000, 1, '2019-06-01'),
(244, 'LGI-778', 15, 25000, 1, '2019-05-28'),
(245, 'LGV-538', 8, 15000, 1, '2019-04-09'),
(246, 'LHB-554', 4, 10000, 1, '2019-06-24'),
(247, 'LHF-307', 17, 25000, 1, '2020-07-15'),
(248, 'LIB-141', 2, 30000, 1, '2019-12-07'),
(249, 'LJL-831', 3, 25000, 1, '2020-04-05'),
(250, 'LKD-721', 20, 30000, 1, '2020-03-11'),
(251, 'LKU-912', 15, 20000, 1, '2019-02-03'),
(252, 'LLW-005', 5, 20000, 1, '2020-02-12'),
(253, 'LMA-938', 11, 15000, 1, '2019-01-16'),
(254, 'LMB-650', 2, 15000, 1, '2019-03-30'),
(255, 'LMG-559', 14, 10000, 1, '2020-09-28'),
(256, 'LMK-739', 1, 35000, 1, '2019-02-16'),
(257, 'LNG-223', 13, 25000, 1, '2019-05-16'),
(258, 'LOB-231', 3, 20000, 1, '2020-05-18'),
(259, 'LOF-925', 11, 30000, 1, '2020-09-10'),
(260, 'LSB-101', 10, 25000, 1, '2019-04-13'),
(261, 'LTW-891', 19, 30000, 1, '2020-10-23'),
(262, 'LUL-097', 4, 35000, 1, '2019-11-18'),
(263, 'LVH-436', 7, 30000, 1, '2019-08-11'),
(264, 'LVI-333', 13, 35000, 1, '2019-01-21'),
(265, 'LVT-419', 12, 10000, 1, '2020-04-11'),
(266, 'LXG-899', 11, 10000, 1, '2020-03-17'),
(267, 'LXK-299', 13, 30000, 1, '2020-06-16'),
(268, 'LXW-690', 3, 15000, 1, '2019-10-06'),
(269, 'LYQ-517', 17, 25000, 1, '2020-11-13'),
(270, 'MAG-833', 17, 30000, 1, '2019-10-03'),
(271, 'MBA-059', 9, 10000, 1, '2020-07-29'),
(272, 'MBB-105', 11, 25000, 1, '2019-08-18'),
(273, 'MBK-711', 4, 30000, 1, '2020-01-08'),
(274, 'MCL-235', 13, 25000, 1, '2019-04-10'),
(275, 'MCN-543', 15, 15000, 1, '2019-08-14'),
(276, 'MCU-420', 6, 30000, 1, '2020-05-01'),
(277, 'MDJ-835', 3, 10000, 1, '2020-02-16'),
(278, 'MEB-473', 8, 20000, 1, '2020-01-20'),
(279, 'MEQ-027', 20, 15000, 1, '2019-10-12'),
(280, 'MEQ-336', 2, 30000, 1, '2019-07-23'),
(281, 'MGP-705', 17, 15000, 1, '2019-05-10'),
(282, 'MGY-874', 5, 35000, 1, '2020-04-28'),
(283, 'MHQ-403', 2, 25000, 1, '2019-02-17'),
(284, 'MHS-833', 7, 10000, 1, '2019-09-02'),
(285, 'MIH-043', 2, 15000, 1, '2019-07-11'),
(286, 'MJD-961', 4, 30000, 1, '2019-08-24'),
(287, 'MJG-634', 2, 30000, 1, '2019-10-01'),
(288, 'MJI-798', 9, 25000, 1, '2020-08-04'),
(289, 'MJX-373', 16, 25000, 1, '2019-03-07'),
(290, 'MKK-935', 14, 20000, 1, '2020-05-06'),
(291, 'MLF-989', 7, 15000, 1, '2019-10-24'),
(292, 'MLY-603', 20, 10000, 1, '2019-02-08'),
(293, 'MMR-718', 17, 35000, 1, '2019-01-12'),
(294, 'MNJ-234', 18, 25000, 1, '2020-11-20'),
(295, 'MQA-100', 16, 15000, 1, '2019-08-19'),
(296, 'MQV-888', 9, 35000, 1, '2019-10-07'),
(297, 'MSB-779', 10, 15000, 1, '2020-10-22'),
(298, 'MSC-997', 19, 25000, 1, '2019-08-21'),
(299, 'MSK-448', 16, 25000, 1, '2019-10-11'),
(300, 'MTR-432', 11, 25000, 1, '2020-01-15'),
(301, 'MTX-268', 20, 30000, 1, '2019-06-22'),
(302, 'MUB-072', 4, 10000, 1, '2019-09-11'),
(303, 'MUE-837', 19, 25000, 1, '2020-06-08'),
(304, 'MUR-992', 1, 20000, 1, '2019-12-01'),
(305, 'MVE-141', 10, 15000, 1, '2020-03-06'),
(306, 'MVY-390', 4, 35000, 1, '2019-07-05'),
(307, 'MXE-757', 8, 30000, 1, '2019-01-09'),
(308, 'MYD-897', 6, 25000, 1, '2020-10-09'),
(309, 'MYG-743', 11, 35000, 1, '2019-11-03'),
(310, 'MYL-546', 20, 15000, 1, '2020-11-22'),
(311, 'MYN-587', 14, 10000, 1, '2019-03-19'),
(312, 'NAC-245', 11, 20000, 1, '2020-06-03'),
(313, 'NAE-312', 6, 25000, 1, '2019-07-21'),
(314, 'NAG-286', 3, 20000, 1, '2019-05-02'),
(315, 'NAH-318', 12, 35000, 1, '2019-06-06'),
(316, 'NAK-876', 5, 35000, 1, '2019-01-06'),
(317, 'NAQ-723', 5, 25000, 1, '2020-03-09'),
(318, 'NBQ-247', 7, 35000, 1, '2020-02-18'),
(319, 'NCI-603', 18, 25000, 1, '2020-03-08'),
(320, 'NCP-785', 2, 25000, 1, '2019-06-06'),
(321, 'NCR-500', 7, 35000, 1, '2020-05-14'),
(322, 'NDP-159', 15, 35000, 1, '2019-10-10'),
(323, 'NDP-694', 15, 20000, 1, '2019-11-28'),
(324, 'NDS-678', 8, 20000, 1, '2019-01-28'),
(325, 'NDU-498', 3, 30000, 1, '2020-11-30'),
(326, 'NEB-645', 17, 15000, 1, '2019-10-11'),
(327, 'NEN-894', 1, 35000, 1, '2020-03-30'),
(328, 'NEX-686', 18, 15000, 1, '2020-07-22'),
(329, 'NFD-328', 3, 10000, 1, '2019-10-08'),
(330, 'NFK-087', 14, 35000, 1, '2020-08-13'),
(331, 'NGD-110', 18, 10000, 1, '2019-12-07'),
(332, 'NGK-278', 16, 15000, 1, '2019-09-28'),
(333, 'NGT-965', 15, 35000, 1, '2020-03-09'),
(334, 'NGV-373', 14, 20000, 1, '2019-04-19'),
(335, 'NGX-631', 4, 20000, 1, '2019-03-20'),
(336, 'NGY-242', 18, 25000, 1, '2019-01-09'),
(337, 'NHI-741', 3, 10000, 1, '2019-04-11'),
(338, 'NHL-979', 5, 20000, 1, '2020-07-29'),
(339, 'NHO-918', 16, 35000, 1, '2020-05-05'),
(340, 'NID-494', 7, 35000, 1, '2020-02-28'),
(341, 'NIR-726', 6, 30000, 1, '2020-05-16'),
(342, 'NIY-208', 16, 35000, 1, '2019-08-23'),
(343, 'NJE-127', 16, 30000, 1, '2020-03-15'),
(344, 'NJG-610', 8, 35000, 1, '2020-06-07'),
(345, 'NJN-122', 19, 30000, 1, '2020-11-01'),
(346, 'NKW-909', 11, 35000, 1, '2019-05-21'),
(347, 'NMD-284', 5, 30000, 1, '2019-08-04'),
(348, 'NND-081', 4, 10000, 1, '2020-06-03'),
(349, 'NOH-363', 7, 15000, 1, '2019-12-29'),
(350, 'NPD-024', 16, 20000, 1, '2020-09-30'),
(351, 'NPS-703', 1, 15000, 1, '2020-08-07'),
(352, 'NRR-826', 3, 25000, 1, '2020-11-12'),
(353, 'NTF-055', 3, 25000, 1, '2019-12-11'),
(354, 'NUC-357', 1, 15000, 1, '2019-03-17'),
(355, 'NUE-592', 14, 15000, 1, '2020-09-17'),
(356, 'NUL-955', 5, 20000, 1, '2020-09-07'),
(357, 'NUM-340', 19, 20000, 1, '2019-09-01'),
(358, 'NVK-374', 6, 25000, 1, '2019-06-06'),
(359, 'NVY-530', 8, 30000, 1, '2019-09-03'),
(360, 'NWK-454', 2, 20000, 1, '2019-11-24'),
(361, 'NWU-873', 4, 25000, 1, '2020-10-13'),
(362, 'NXS-962', 17, 15000, 1, '2020-03-27'),
(363, 'NXV-766', 13, 15000, 1, '2020-09-01'),
(364, 'NYE-350', 4, 35000, 1, '2020-10-16'),
(365, 'NYT-454', 13, 30000, 1, '2020-07-15'),
(366, 'OAG-294', 15, 10000, 1, '2020-11-14'),
(367, 'OAP-903', 5, 25000, 1, '2020-10-14'),
(368, 'OBO-669', 15, 15000, 1, '2019-05-19'),
(369, 'OBO-903', 19, 15000, 1, '2019-05-08'),
(370, 'OCJ-783', 5, 15000, 1, '2020-07-02'),
(371, 'OCT-028', 8, 15000, 1, '2019-01-03'),
(372, 'ODJ-502', 6, 10000, 1, '2019-05-27'),
(373, 'OEC-089', 9, 25000, 1, '2019-08-24'),
(374, 'OEK-702', 15, 15000, 1, '2020-05-04'),
(375, 'OEQ-461', 14, 25000, 1, '2020-08-23'),
(376, 'OFG-005', 16, 30000, 1, '2019-11-05'),
(377, 'OFI-366', 5, 20000, 1, '2020-11-28'),
(378, 'OFP-181', 9, 30000, 1, '2019-04-23'),
(379, 'OGX-558', 13, 30000, 1, '2019-07-22'),
(380, 'OHG-665', 11, 25000, 1, '2019-11-04'),
(381, 'OHK-334', 6, 25000, 1, '2019-04-06'),
(382, 'OIY-903', 9, 15000, 1, '2019-01-27'),
(383, 'OJF-049', 5, 10000, 1, '2019-04-18'),
(384, 'OKI-715', 9, 15000, 1, '2020-03-03'),
(385, 'OKP-987', 14, 20000, 1, '2019-10-25'),
(386, 'OKW-710', 5, 20000, 1, '2020-05-14'),
(387, 'OLJ-052', 11, 30000, 1, '2020-03-10'),
(388, 'OLO-593', 7, 30000, 1, '2020-11-05'),
(389, 'OMO-558', 14, 30000, 1, '2020-11-19'),
(390, 'ONN-812', 4, 25000, 1, '2019-08-17'),
(391, 'OOM-164', 16, 35000, 1, '2019-02-11'),
(392, 'OOY-869', 11, 20000, 1, '2019-12-28'),
(393, 'OPF-213', 12, 20000, 1, '2019-09-06'),
(394, 'OPK-157', 17, 15000, 1, '2020-11-03'),
(395, 'OPM-377', 4, 30000, 1, '2019-02-25'),
(396, 'OPX-247', 19, 15000, 1, '2019-01-18'),
(397, 'OQU-791', 4, 20000, 1, '2020-05-06'),
(398, 'OQV-634', 12, 15000, 1, '2019-02-26'),
(399, 'ORS-280', 14, 35000, 1, '2020-05-15'),
(400, 'ORW-053', 12, 25000, 1, '2019-06-11'),
(401, 'OSP-962', 14, 15000, 1, '2019-03-23'),
(402, 'OSV-318', 8, 20000, 1, '2020-11-05'),
(403, 'OTM-324', 5, 10000, 1, '2020-07-05'),
(404, 'OTM-344', 7, 30000, 1, '2020-05-18'),
(405, 'OTS-810', 10, 20000, 1, '2020-04-11'),
(406, 'OUD-988', 5, 30000, 1, '2019-12-21'),
(407, 'OUX-236', 5, 10000, 1, '2019-07-15'),
(408, 'OVO-164', 8, 15000, 1, '2020-01-26'),
(409, 'OVO-655', 16, 25000, 1, '2019-11-04'),
(410, 'OVT-977', 15, 30000, 1, '2020-06-03'),
(411, 'OWJ-018', 6, 30000, 1, '2019-01-28'),
(412, 'OWT-234', 18, 35000, 1, '2020-06-25'),
(413, 'OXR-645', 15, 25000, 1, '2019-12-16'),
(414, 'OYE-374', 7, 20000, 1, '2020-08-04'),
(415, 'OYO-941', 4, 35000, 1, '2020-08-08'),
(416, 'OYV-728', 11, 10000, 1, '2020-04-22'),
(417, 'PAF-988', 2, 30000, 1, '2020-01-14'),
(418, 'PAU-310', 2, 20000, 1, '2019-02-18'),
(419, 'PCF-174', 3, 35000, 1, '2019-07-31'),
(420, 'PCT-383', 5, 35000, 1, '2020-08-06'),
(421, 'PEB-072', 9, 25000, 1, '2019-02-21'),
(422, 'PFU-804', 18, 35000, 1, '2020-09-02'),
(423, 'PGR-744', 17, 20000, 1, '2020-02-19'),
(424, 'PHD-290', 4, 15000, 1, '2019-09-28'),
(425, 'PIP-608', 12, 25000, 1, '2019-02-17'),
(426, 'PIQ-605', 5, 10000, 1, '2020-09-27'),
(427, 'PIW-466', 6, 35000, 1, '2019-01-16'),
(428, 'PJF-209', 20, 15000, 1, '2019-11-15'),
(429, 'PKB-872', 20, 10000, 1, '2020-05-17'),
(430, 'PLE-121', 9, 35000, 1, '2020-10-05'),
(431, 'PMN-907', 16, 20000, 1, '2020-01-29'),
(432, 'PNC-515', 3, 35000, 1, '2020-10-20'),
(433, 'POD-644', 19, 30000, 1, '2019-02-18'),
(434, 'POI-294', 8, 20000, 1, '2019-04-17'),
(435, 'POK-453', 20, 30000, 1, '2019-04-22'),
(436, 'PPA-003', 2, 35000, 1, '2020-01-27'),
(437, 'PQA-209', 2, 20000, 1, '2020-02-15'),
(438, 'PQN-285', 7, 30000, 1, '2019-08-16'),
(439, 'PRB-755', 17, 15000, 1, '2019-10-31'),
(440, 'PRD-625', 20, 15000, 1, '2019-11-03'),
(441, 'PRK-143', 10, 35000, 1, '2019-06-04'),
(442, 'PSC-475', 19, 25000, 1, '2020-10-03'),
(443, 'PSP-010', 5, 15000, 1, '2019-09-01'),
(444, 'PSR-812', 9, 10000, 1, '2019-09-27'),
(445, 'PSS-894', 19, 15000, 1, '2019-11-23'),
(446, 'PSU-873', 20, 15000, 1, '2020-04-12'),
(447, 'PSW-086', 15, 35000, 1, '2019-06-04'),
(448, 'PSX-877', 17, 30000, 1, '2019-04-26'),
(449, 'PUM-736', 6, 30000, 1, '2020-05-01'),
(450, 'PUW-632', 2, 10000, 1, '2019-06-14'),
(451, 'PWN-382', 1, 35000, 1, '2019-02-21'),
(452, 'PXR-049', 19, 25000, 1, '2020-09-03'),
(453, 'PYQ-915', 17, 15000, 1, '2020-07-07'),
(454, 'RAF-979', 16, 30000, 1, '2020-08-27'),
(455, 'RAS-466', 11, 35000, 1, '2019-02-11'),
(456, 'RBI-554', 20, 25000, 1, '2020-06-02'),
(457, 'RBO-891', 5, 25000, 1, '2019-04-29'),
(458, 'RBS-910', 19, 30000, 1, '2020-10-18'),
(459, 'RBT-278', 17, 15000, 1, '2020-02-09'),
(460, 'RCF-860', 10, 30000, 1, '2019-07-17'),
(461, 'RCN-831', 19, 15000, 1, '2020-08-07'),
(462, 'RDA-142', 7, 15000, 1, '2019-10-11'),
(463, 'RDE-194', 8, 15000, 1, '2019-04-23'),
(464, 'RDL-413', 19, 30000, 1, '2020-02-13'),
(465, 'RDT-066', 11, 10000, 1, '2020-11-04'),
(466, 'RFD-669', 14, 35000, 1, '2019-06-17'),
(467, 'RFM-596', 15, 30000, 1, '2019-05-19'),
(468, 'RFW-828', 18, 25000, 1, '2020-10-22'),
(469, 'RGJ-138', 7, 25000, 1, '2020-03-25'),
(470, 'RGR-882', 2, 20000, 1, '2019-01-24'),
(471, 'RGU-710', 19, 10000, 1, '2020-08-03'),
(472, 'RHG-345', 4, 35000, 1, '2020-04-04'),
(473, 'RHO-319', 12, 20000, 1, '2019-03-30'),
(474, 'RHO-787', 2, 10000, 1, '2019-07-16'),
(475, 'RHW-869', 2, 25000, 1, '2019-07-13'),
(476, 'RIC-758', 2, 20000, 1, '2020-08-14'),
(477, 'RLB-667', 4, 10000, 1, '2020-05-28'),
(478, 'RLW-854', 8, 25000, 1, '2020-06-09'),
(479, 'RMM-025', 20, 15000, 1, '2019-10-07'),
(480, 'RMS-515', 11, 35000, 1, '2019-10-05'),
(481, 'RMV-548', 5, 30000, 1, '2019-09-18'),
(482, 'ROF-212', 19, 35000, 1, '2020-06-21'),
(483, 'ROG-590', 5, 15000, 1, '2020-09-27'),
(484, 'ROO-512', 17, 15000, 1, '2019-01-19'),
(485, 'RQF-302', 15, 10000, 1, '2020-04-26'),
(486, 'RQM-894', 13, 25000, 1, '2019-08-05'),
(487, 'RQS-175', 17, 10000, 1, '2020-04-04'),
(488, 'RQY-074', 8, 25000, 1, '2020-09-08'),
(489, 'RSL-601', 16, 35000, 1, '2019-01-04'),
(490, 'RSP-959', 5, 20000, 1, '2020-08-09'),
(491, 'RTI-548', 10, 25000, 1, '2020-02-10'),
(492, 'RTM-845', 2, 10000, 1, '2020-09-29'),
(493, 'RTQ-632', 7, 25000, 1, '2020-06-18'),
(494, 'RTX-970', 8, 20000, 1, '2019-09-10'),
(495, 'RUT-774', 6, 25000, 1, '2019-12-12'),
(496, 'RVW-325', 19, 10000, 1, '2019-04-17'),
(497, 'RWI-501', 16, 20000, 1, '2020-03-10'),
(498, 'RWI-888', 15, 20000, 1, '2020-01-28'),
(499, 'RWW-678', 7, 20000, 1, '2019-10-13'),
(500, 'RXW-422', 4, 35000, 1, '2019-05-30');

-- --------------------------------------------------------

--
-- Tábla szerkezet ehhez a táblához `jarmu_tipusok`
--

CREATE TABLE `jarmu_tipusok` (
  `id` int(11) NOT NULL,
  `megnevezes` varchar(50) NOT NULL,
  `ferohely` int(2) NOT NULL
) ENGINE=InnoDB DEFAULT CHARSET=utf8mb4;

--
-- A tábla adatainak kiíratása `jarmu_tipusok`
--

INSERT INTO `jarmu_tipusok` (`id`, `megnevezes`, `ferohely`) VALUES
(1, 'Suzuki Sedan', 4),
(2, 'Fiat Punto', 4),
(3, 'Toyota Corolla', 4),
(4, 'Opel Astra', 4),
(5, 'Opel Corsa Joy', 4),
(6, 'Citroen ZX', 4),
(7, 'Lada Niva', 4),
(8, 'VW Polo Fox', 4),
(9, 'Seat Ibiza', 4),
(10, 'Seat Malaga', 4),
(11, 'Trabant', 4),
(12, 'Lada 2105', 4),
(13, 'Ford Escort', 4),
(14, 'Citroen BX', 4),
(15, 'Wartburg', 4),
(16, 'Audi 80', 5),
(17, 'Skoda 120', 4),
(18, 'Toyota C-HR', 4),
(19, 'Porsche 911 GT3', 4),
(20, 'Honda Civic', 4);

-- --------------------------------------------------------

--
-- Tábla szerkezet ehhez a táblához `rendelesek`
--

CREATE TABLE `rendelesek` (
  `id` int(11) NOT NULL,
  `ugyfel_id` int(11) NOT NULL,
  `jarmu_id` int(11) NOT NULL,
  `datum` date NOT NULL,
  `napok_szama` int(3) NOT NULL,
  `ar` decimal(7,0) NOT NULL
) ENGINE=InnoDB DEFAULT CHARSET=utf8mb4;

--
-- A tábla adatainak kiíratása `rendelesek`
--

INSERT INTO `rendelesek` (`id`, `ugyfel_id`, `jarmu_id`, `datum`, `napok_szama`, `ar`) VALUES
(1, 1, 2, '2021-01-10', 2, '40000'),
(2, 228, 4, '2021-01-09', 9, '20000');

-- --------------------------------------------------------

--
-- Tábla szerkezet ehhez a táblához `ugyfelek`
--

CREATE TABLE `ugyfelek` (
  `id` int(11) NOT NULL,
  `vezeteknev` varchar(20) NOT NULL,
  `keresztnev` varchar(20) NOT NULL,
  `varos` varchar(50) NOT NULL,
  `iranyitoszam` int(4) NOT NULL,
  `cim` varchar(250) NOT NULL,
  `telefonszam` varchar(12) NOT NULL,
  `email` varchar(100) NOT NULL,
  `pont` decimal(4,2) NOT NULL DEFAULT 0.00
) ENGINE=InnoDB DEFAULT CHARSET=utf8mb4;

--
-- A tábla adatainak kiíratása `ugyfelek`
--

INSERT INTO `ugyfelek` (`id`, `vezeteknev`, `keresztnev`, `varos`, `iranyitoszam`, `cim`, `telefonszam`, `email`, `pont`) VALUES
(1, 'Butt', 'James', 'New Orleans', 2581, '6649 N Blue Gum St', '+36202576615', 'jbutt@gmail.com', '4.00'),
(2, 'Darakjy', 'Josephine', 'Brighton', 1980, '4 B Blue Ridge Blvd', '+36501040387', 'josephine_darakjy@darakjy.org', '0.00'),
(3, 'Venere', 'Art', 'Bridgeport', 7788, '8 W Cerritos Ave #54', '+36307337157', 'art@venere.org', '0.00'),
(4, 'Paprocki', 'Lenna', 'Anchorage', 6678, '639 Main St', '+36309562264', 'lpaprocki@hotmail.com', '0.00'),
(5, 'Foller', 'Donette', 'Hamilton', 1710, '34 Center St', '+36204482986', 'donette.foller@cox.net', '0.00'),
(6, 'Morasca', 'Simona', 'Ashland', 4157, '3 Mcauley Dr', '+36302372938', 'simona@morasca.com', '0.00'),
(7, 'Tollner', 'Mitsue', 'Chicago', 8350, '7 Eads St', '+36701119761', 'mitsue_tollner@yahoo.com', '0.00'),
(8, 'Dilliard', 'Leota', 'San Jose', 4150, '7 W Jackson Blvd', '+36304928087', 'leota@hotmail.com', '0.00'),
(9, 'Wieser', 'Sage', 'Sioux Falls', 1108, '5 Boston Ave #88', '+36506142092', 'sage_wieser@cox.net', '0.00'),
(10, 'Marrier', 'Kris', 'Baltimore', 4809, '228 Runamuck Pl #2808', '+36503158687', 'kris@gmail.com', '0.00'),
(11, 'Amigon', 'Minna', 'Kulpsville', 1806, '2371 Jerrold Ave', '+36709726688', 'minna_amigon@yahoo.com', '0.00'),
(12, 'Maclead', 'Abel', 'Middle Island', 8614, '37275 St  Rt 17m M', '+36204428024', 'amaclead@gmail.com', '0.00'),
(13, 'Caldarera', 'Kiley', 'Los Angeles', 9185, '25 E 75th St #69', '+36205379517', 'kiley.caldarera@aol.com', '0.00'),
(14, 'Ruta', 'Graciela', 'Chagrin Falls', 9000, '98 Connecticut Ave Nw', '+36702577777', 'gruta@cox.net', '0.00'),
(15, 'Albares', 'Cammy', 'Laredo', 6786, '56 E Morehead St', '+36709196581', 'calbares@gmail.com', '0.00'),
(16, 'Poquette', 'Mattie', 'Phoenix', 4442, '73 State Road 434 E', '+36303561183', 'mattie@aol.com', '0.00'),
(17, 'Garufi', 'Meaghan', 'Mc Minnville', 3766, '69734 E Carrillo St', '+36304591249', 'meaghan@hotmail.com', '0.00'),
(18, 'Rim', 'Gladys', 'Milwaukee', 5121, '322 New Horizon Blvd', '+36503947683', 'gladys.rim@rim.org', '0.00'),
(19, 'Whobrey', 'Yuki', 'Taylor', 3704, '1 State Route 27', '+36205377946', 'yuki_whobrey@aol.com', '0.00'),
(20, 'Flosi', 'Fletcher', 'Rockford', 7052, '394 Manchester Blvd', '+36501057981', 'fletcher.flosi@yahoo.com', '0.00'),
(21, 'Nicka', 'Bette', 'Aston', 2944, '6 S 33rd St', '+36307299926', 'bette_nicka@cox.net', '0.00'),
(22, 'Inouye', 'Veronika', 'San Jose', 4245, '6 Greenleaf Ave', '+36704979048', 'vinouye@aol.com', '0.00'),
(23, 'Kolmetz', 'Willard', 'Irving', 4181, '618 W Yakima Ave', '+36508380556', 'willard@hotmail.com', '0.00'),
(24, 'Royster', 'Maryann', 'Albany', 4511, '74 S Westgate St', '+36501235797', 'mroyster@royster.com', '0.00'),
(25, 'Slusarski', 'Alisha', 'Middlesex', 1863, '3273 State St', '+36502630214', 'alisha@slusarski.com', '0.00'),
(26, 'Iturbide', 'Allene', 'Stevens Point', 4750, '1 Central Ave', '+36307265920', 'allene_iturbide@cox.net', '0.00'),
(27, 'Caudy', 'Chanel', 'Shawnee', 3681, '86 Nw 66th St #8673', '+36703570007', 'chanel.caudy@caudy.org', '0.00'),
(28, 'Chui', 'Ezekiel', 'Easton', 6766, '2 Cedar Ave #84', '+36306406405', 'ezekiel@chui.com', '0.00'),
(29, 'Kusko', 'Willow', 'New York', 3456, '90991 Thorburn Ave', '+36309353431', 'wkusko@yahoo.com', '0.00'),
(30, 'Figeroa', 'Bernardo', 'Conroe', 1030, '386 9th Ave N', '+36708924495', 'bfigeroa@aol.com', '0.00'),
(31, 'Corrio', 'Ammie', 'Columbus', 3221, '74874 Atlantic Ave', '+36307097389', 'ammie@corrio.com', '0.00'),
(32, 'Vocelka', 'Francine', 'Las Cruces', 6535, '+366 South Dr', '+36309262300', 'francine_vocelka@vocelka.com', '0.00'),
(33, 'Stenseth', 'Ernie', 'Ridgefield Park', 5132, '45 E Liberty St', '+36201105552', 'ernie_stenseth@aol.com', '0.00'),
(34, 'Glick', 'Albina', 'Dunellen', 9095, '4 Ralph Ct', '+36304824139', 'albina@glick.com', '0.00'),
(35, 'Sergi', 'Alishia', 'New York', 6550, '2742 Distribution Way', '+36302393793', 'asergi@gmail.com', '0.00'),
(36, 'Shinko', 'Solange', 'Metairie', 2402, '426 Wolf St', '+36701453908', 'solange@shinko.com', '0.00'),
(37, 'Stockham', 'Jose', 'New York', 5459, '128 Bransten Rd', '+36701931410', 'jose@yahoo.com', '0.00'),
(38, 'Ostrosky', 'Rozella', 'Camarillo', 3778, '17 Morena Blvd', '+36306963338', 'rozella.ostrosky@ostrosky.com', '0.00'),
(39, 'Gillian', 'Valentine', 'San Antonio', 7909, '775 W 17th St', '+36509056024', 'valentine_gillian@gmail.com', '0.00'),
(40, 'Rulapaugh', 'Kati', 'Abilene', 2167, '6980 Dorsett Rd', '+36506942002', 'kati.rulapaugh@hotmail.com', '0.00'),
(41, 'Schemmer', 'Youlanda', 'Prineville', 8763, '2881 Lewis Rd', '+36509000968', 'youlanda@aol.com', '0.00'),
(42, 'Oldroyd', 'Dyan', 'Overland Park', 7882, '7219 Woodfield Rd', '+36709523023', 'doldroyd@aol.com', '0.00'),
(43, 'Campain', 'Roxane', 'Fairbanks', 6967, '1048 Main St', '+36701289057', 'roxane@hotmail.com', '0.00'),
(44, 'Perin', 'Lavera', 'Miami', 2960, '678 3rd Ave', '+36501352575', 'lperin@perin.org', '0.00'),
(45, 'Ferencz', 'Erick', 'Fairbanks', 3487, '20 S Babcock St', '+36204056594', 'erick.ferencz@aol.com', '0.00'),
(46, 'Saylors', 'Fatima', 'Hopkins', 1571, '2 Lighthouse Ave', '+36204083459', 'fsaylors@saylors.org', '0.00'),
(47, 'Briddick', 'Jina', 'Boston', 6304, '38938 Park Blvd', '+36202608515', 'jina_briddick@briddick.com', '0.00'),
(48, 'Waycott', 'Kanisha', 'Los Angeles', 7478, '5 Tomahawk Dr', '+36506685998', 'kanisha_waycott@yahoo.com', '0.00'),
(49, 'Bowley', 'Emerson', 'Madison', 2804, '762 S Main St', '+36506890019', 'emerson.bowley@bowley.org', '0.00'),
(50, 'Malet', 'Blair', 'Philadelphia', 6324, '209 Decker Dr', '+36502920356', 'bmalet@yahoo.com', '0.00'),
(51, 'Bolognia', 'Brock', 'New York', 6940, '4486 W O St #1', '+36501580262', 'bbolognia@yahoo.com', '0.00'),
(52, 'Nestle', 'Lorrie', 'Tullahoma', 9662, '39 S 7th St', '+36507979376', 'lnestle@hotmail.com', '0.00'),
(53, 'Uyetake', 'Sabra', 'Columbia', 5896, '98839 Hawthorne Blvd #6101', '+36502254819', 'sabra@uyetake.org', '0.00'),
(54, 'Mastella', 'Marjory', 'Wayne', 5302, '71 San Mateo Ave', '+36501967542', 'mmastella@mastella.com', '0.00'),
(55, 'Klonowski', 'Karl', 'Flemington', 9532, '76 Brooks St #9', '+36302918873', 'karl_klonowski@yahoo.com', '0.00'),
(56, 'Wenner', 'Tonette', 'Westbury', 9714, '4545 Courthouse Rd', '+36709918030', 'twenner@aol.com', '0.00'),
(57, 'Monarrez', 'Amber', 'Jenkintown', 5077, '14288 Foster Ave #4121', '+36307851141', 'amber_monarrez@monarrez.org', '0.00'),
(58, 'Seewald', 'Shenika', 'Van Nuys', 4453, '4 Otis St', '+36501517864', 'shenika@gmail.com', '0.00'),
(59, 'Ahle', 'Delmy', 'Providence', 2928, '65895 S 16th St', '+36304709998', 'delmy.ahle@hotmail.com', '0.00'),
(60, 'Juhas', 'Deeanna', 'Huntingdon Valley', 8076, '14302 Pennsylvania Ave', '+36506915038', 'deeanna_juhas@gmail.com', '0.00'),
(61, 'Pugh', 'Blondell', 'Providence', 2880, '201 Hawk Ct', '+36208705420', 'bpugh@aol.com', '0.00'),
(62, 'Vanausdal', 'Jamal', 'Monroe Township', 5345, '53075 Sw 152nd Ter #615', '+36202453567', 'jamal@vanausdal.org', '0.00'),
(63, 'Hollack', 'Cecily', 'Austin', 5683, '59 N Groesbeck Hwy', '+36703050745', 'cecily@hollack.org', '0.00'),
(64, 'Lindall', 'Carmelina', 'Littleton', 6773, '2664 Lewis Rd', '+36201266190', 'carmelina_lindall@lindall.com', '0.00'),
(65, 'Yglesias', 'Maurine', 'Milwaukee', 6655, '59 Shady Ln #53', '+36708598553', 'maurine_yglesias@yglesias.com', '0.00'),
(66, 'Buvens', 'Tawna', 'New York', 4575, '3305 Nabell Ave #679', '+36707230624', 'tawna@gmail.com', '0.00'),
(67, 'Weight', 'Penney', 'Anchorage', 8567, '18 Fountain St', '+36305892931', 'penney_weight@aol.com', '0.00'),
(68, 'Morocco', 'Elly', 'Erie', 2771, '7 W 32nd St', '+36707991112', 'elly_morocco@gmail.com', '0.00'),
(69, 'Eroman', 'Ilene', 'Glen Burnie', 9255, '2853 S Central Expy', '+36203061307', 'ilene.eroman@hotmail.com', '0.00'),
(70, 'Mondella', 'Vallie', 'Boise', 8752, '74 W College St', '+36202708368', 'vmondella@mondella.com', '0.00'),
(71, 'Blackwood', 'Kallie', 'San Francisco', 4605, '701 S Harrison Rd', '+36502185969', 'kallie.blackwood@gmail.com', '0.00'),
(72, 'Abdallah', 'Johnetta', 'Chapel Hill', 6300, '1088 Pinehurst St', '+36701012641', 'johnetta_abdallah@aol.com', '9.99'),
(73, 'Rhym', 'Bobbye', 'San Carlos', 5829, '30 W 80th St #1995', '+36307293699', 'brhym@rhym.com', '0.00'),
(74, 'Rhymes', 'Micaela', 'Concord', 6865, '20932 Hedley St', '+36502248371', 'micaela_rhymes@gmail.com', '0.00'),
(75, 'Hoogland', 'Tamar', 'London', 6269, '2737 Pistorio Rd #9230', '+36505247067', 'tamar@hotmail.com', '0.00'),
(76, 'Parlato', 'Moon', 'Wellsville', 7589, '74989 Brandon St', '+36302908366', 'moon@yahoo.com', '0.00'),
(77, 'Reitler', 'Laurel', 'Baltimore', 2084, '6 Kains Ave', '+36501611127', 'laurel_reitler@reitler.com', '0.00'),
(78, 'Crupi', 'Delisa', 'Newark', 9728, '47565 W Grand Ave', '+36506725724', 'delisa.crupi@crupi.com', '0.00'),
(79, 'Toelkes', 'Viva', 'Chicago', 1005, '4284 Dorigo Ln', '+36702486004', 'viva.toelkes@gmail.com', '0.00'),
(80, 'Lipke', 'Elza', 'Newark', 7614, '6794 Lake Dr E', '+36702626005', 'elza@yahoo.com', '0.00'),
(81, 'Chickering', 'Devorah', 'Clovis', 4306, '31 Douglas Blvd #950', '+36702316478', 'devorah@hotmail.com', '0.00'),
(82, 'Mulqueen', 'Timothy', 'Staten Island', 7541, '44 W 4th St', '+36701323021', 'timothy_mulqueen@mulqueen.org', '0.00'),
(83, 'Honeywell', 'Arlette', 'Jacksonville', 8902, '11279 Loytan St', '+36704207227', 'ahoneywell@honeywell.com', '0.00'),
(84, 'Dickerson', 'Dominque', 'Hayward', 4593, '69 Marquette Ave', '+36308735072', 'dominque.dickerson@dickerson.org', '0.00'),
(85, 'Isenhower', 'Lettie', 'Beachwood', 6312, '70 W Main St', '+36707162587', 'lettie_isenhower@yahoo.com', '0.00'),
(86, 'Munns', 'Myra', 'Euless', 7656, '461 Prospect Pl #316', '+36702518604', 'mmunns@cox.net', '0.00'),
(87, 'Barfield', 'Stephaine', 'Gardena', 2154, '47154 Whipple Ave Nw', '+36505069449', 'stephaine@barfield.com', '0.00'),
(88, 'Gato', 'Lai', 'Evanston', 5310, '37 Alabama Ave', '+36304434965', 'lai.gato@gato.org', '0.00'),
(89, 'Emigh', 'Stephen', 'Akron', 7000, '3777 E Richmond St #900', '+36706508278', 'stephen_emigh@hotmail.com', '0.00'),
(90, 'Shields', 'Tyra', 'Philadelphia', 4806, '3 Fort Worth Ave', '+36209585286', 'tshields@gmail.com', '0.00'),
(91, 'Wardrip', 'Tammara', 'Burlingame', 5531, '4800 Black Horse Pike', '+36201635729', 'twardrip@cox.net', '0.00'),
(92, 'Gibes', 'Cory', 'San Gabriel', 5183, '83649 W Belmont Ave', '+36702685238', 'cory.gibes@gmail.com', '0.00'),
(93, 'Bruschke', 'Danica', 'Waco', 4852, '840 15th Ave', '+36205247011', 'danica_bruschke@gmail.com', '0.00'),
(94, 'Giguere', 'Wilda', 'Anchorage', 2362, '1747 Calle Amanecer #2', '+36504131594', 'wilda@cox.net', '0.00'),
(95, 'Benimadho', 'Elvera', 'San Jose', 3473, '99385 Charity St #840', '+36203954376', 'elvera.benimadho@cox.net', '0.00'),
(96, 'Vanheusen', 'Carma', 'San Leandro', 1769, '68556 Central Hwy', '+36708228597', 'carma@cox.net', '0.00'),
(97, 'Hochard', 'Malinda', 'Indianapolis', 8183, '55 Riverside Ave', '+36509179013', 'malinda.hochard@yahoo.com', '0.00'),
(98, 'Fern', 'Natalie', 'Rock Springs', 3615, '7140 University Ave', '+36709610977', 'natalie.fern@hotmail.com', '0.00'),
(99, 'Centini', 'Lisha', 'Mc Lean', 5086, '64 5th Ave #1153', '+36508329845', 'lisha@centini.org', '0.00'),
(100, 'Klusman', 'Arlene', 'New Orleans', 7049, '3 Secor Rd', '+36501925392', 'arlene_klusman@gmail.com', '0.00'),
(101, 'Buemi', 'Alease', 'Boulder', 9352, '4 Webbs Chapel Rd', '+36504116779', 'alease@buemi.com', '0.00'),
(102, 'Cronauer', 'Louisa', 'San Leandro', 7642, '524 Louisiana Ave Nw', '+36506589551', 'louisa@cronauer.com', '0.00'),
(103, 'Cetta', 'Angella', 'Honolulu', 1073, '185 Blackstone Bldge', '+36201072501', 'angella.cetta@hotmail.com', '0.00'),
(104, 'Goldammer', 'Cyndy', 'Burnsville', 3890, '170 Wyoming Ave', '+36203374592', 'cgoldammer@cox.net', '0.00'),
(105, 'Cork', 'Rosio', 'High Point', 9584, '4 10th St W', '+36201372668', 'rosio.cork@gmail.com', '0.00'),
(106, 'Korando', 'Celeste', 'Lynbrook', 4065, '7 W Pinhook Rd', '+36705541367', 'ckorando@hotmail.com', '0.00'),
(107, 'Felger', 'Twana', 'Portland', 4202, '1 Commerce Way', '+36709398896', 'twana.felger@felger.org', '0.00'),
(108, 'Samu', 'Estrella', 'Beloit', 6479, '64 Lakeview Ave', '+36302771697', 'estrella@aol.com', '0.00'),
(109, 'Kines', 'Donte', 'Worcester', 6619, '3 Aspen St', '+36203175926', 'dkines@hotmail.com', '0.00'),
(110, 'Steffensmeier', 'Tiffiny', 'Miami', 1101, '32860 Sierra Rd', '+36202680044', 'tiffiny_steffensmeier@cox.net', '0.00'),
(111, 'Miceli', 'Edna', 'Erie', 5590, '555 Main St', '+36701778397', 'emiceli@miceli.org', '0.00'),
(112, 'Kownacki', 'Sue', 'Mesquite', 9643, '2 Se 3rd Ave', '+36707470495', 'sue@aol.com', '0.00'),
(113, 'Shin', 'Jesusa', 'Tullahoma', 8052, '2239 Shawnee Mission Pky', '+36202832991', 'jshin@shin.com', '0.00'),
(114, 'Francescon', 'Rolland', 'Paterson', 2456, '2726 Charcot Ave', '+36504814251', 'rolland@cox.net', '0.00'),
(115, 'Schmierer', 'Pamella', 'Homestead', 3009, '5161 Dorsett Rd', '+36503860522', 'pamella.schmierer@schmierer.org', '0.00'),
(116, 'Kulzer', 'Glory', 'Owings Mills', 8674, '55892 Jacksonville Rd', '+36504347929', 'gkulzer@kulzer.org', '0.00'),
(117, 'Palaspas', 'Shawna', 'Thousand Oaks', 1499, '5 N Cleveland Massillon Rd', '+36303697979', 'shawna_palaspas@palaspas.org', '0.00'),
(118, 'Callaro', 'Brandon', 'Honolulu', 8713, '7 Benton Dr', '+36305468096', 'brandon_callaro@hotmail.com', '0.00'),
(119, 'Cartan', 'Scarlet', 'Albany', 8273, '9390 S Howell Ave', '+36703068104', 'scarlet.cartan@yahoo.com', '0.00'),
(120, 'Menter', 'Oretha', 'Boston', 9778, '8 County Center Dr #647', '+36503203455', 'oretha_menter@yahoo.com', '0.00'),
(121, 'Smith', 'Ty', 'Hackensack', 5663, '4646 Kaahumanu St', '+36502586707', 'tsmith@aol.com', '0.00'),
(122, 'Rochin', 'Xuan', 'San Mateo', 6626, '2 Monroe St', '+36303549853', 'xuan@gmail.com', '0.00'),
(123, 'Dilello', 'Lindsey', 'Ontario', 7737, '52777 Leaders Heights Rd', '+36208158943', 'lindsey.dilello@hotmail.com', '0.00'),
(124, 'Perez', 'Devora', 'Oakland', 4284, '72868 Blackington Ave', '+36709976383', 'devora_perez@perez.org', '0.00'),
(125, 'Demesa', 'Herman', 'Troy', 2402, '9 Norristown Rd', '+36307023310', 'hdemesa@cox.net', '0.00'),
(126, 'Papasergi', 'Rory', 'Clarks Summit', 8619, '83 County Road 437 #8581', '+36704838283', 'rpapasergi@cox.net', '0.00'),
(127, 'Riopelle', 'Talia', 'Orange', 2490, '1 N Harlem Ave #9', '+36704524745', 'talia_riopelle@aol.com', '0.00'),
(128, 'Shire', 'Van', 'Pittstown', 7980, '90131 J St', '+36205150906', 'van.shire@shire.com', '0.00'),
(129, 'Lary', 'Lucina', 'Cocoa', 9986, '8597 W National Ave', '+36207727334', 'lucina_lary@cox.net', '0.00'),
(130, 'Isaacs', 'Bok', 'Bronx', 9185, '6 Gilson St', '+36506356188', 'bok.isaacs@aol.com', '0.00'),
(131, 'Spickerman', 'Rolande', 'Pearl City', 4888, '65 W Maple Ave', '+36209785061', 'rolande.spickerman@spickerman.com', '0.00'),
(132, 'Paulas', 'Howard', 'Denver', 3427, '866 34th Ave', '+36705865130', 'hpaulas@gmail.com', '0.00'),
(133, 'Madarang', 'Kimbery', 'Rockaway', 2450, '798 Lund Farm Way', '+36201527358', 'kimbery_madarang@cox.net', '0.00'),
(134, 'Manno', 'Thurman', 'Absecon', 9136, '9387 Charcot Ave', '+36303920561', 'thurman.manno@yahoo.com', '0.00'),
(135, 'Mirafuentes', 'Becky', 'Plainfield', 3835, '30553 Washington Rd', '+36206967157', 'becky.mirafuentes@mirafuentes.com', '0.00'),
(136, 'Corrington', 'Beatriz', 'Middleboro', 6214, '481 W Lemon St', '+36203360271', 'beatriz@yahoo.com', '0.00'),
(137, 'Maybury', 'Marti', 'Chicago', 4123, '4 Warehouse Point Rd #7', '+36208982416', 'marti.maybury@yahoo.com', '0.00'),
(138, 'Gotter', 'Nieves', 'Portland', 8768, '4940 Pulaski Park Dr', '+36208035123', 'nieves_gotter@gmail.com', '0.00'),
(139, 'Hagele', 'Leatha', 'Dallas', 9711, '627 Walford Ave', '+36507858172', 'lhagele@cox.net', '0.00'),
(140, 'Klimek', 'Valentin', 'Chicago', 4992, '137 Pioneer Way', '+36204110951', 'vklimek@klimek.org', '0.00'),
(141, 'Wiklund', 'Melissa', 'Findlay', 4995, '61 13 Stoneridge #835', '+36704153908', 'melissa@cox.net', '0.00'),
(142, 'Zane', 'Sheridan', 'Riverside', 4950, '2409 Alabama Rd', '+36207431560', 'sheridan.zane@zane.com', '0.00'),
(143, 'Padilla', 'Bulah', 'Waco', 3858, '8927 Vandever Ave', '+36208431326', 'bulah_padilla@hotmail.com', '0.00'),
(144, 'Kohnert', 'Audra', 'Nashville', 6747, '134 Lewis Rd', '+36308406523', 'audra@kohnert.com', '0.00'),
(145, 'Weirather', 'Daren', 'Milwaukee', 8529, '9 N College Ave #3', '+36701211418', 'dweirather@aol.com', '0.00'),
(146, 'Jillson', 'Fernanda', 'Preston', 9168, '60480 Old Us Highway 51', '+36204552946', 'fjillson@aol.com', '0.00'),
(147, 'Gellinger', 'Gearldine', 'Irving', 5611, '4 Bloomfield Ave', '+36206251529', 'gearldine_gellinger@gellinger.com', '0.00'),
(148, 'Kitzman', 'Chau', 'Beverly Hills', 7734, '429 Tiger Ln', '+36209614275', 'chau@gmail.com', '0.00'),
(149, 'Frey', 'Theola', 'Massapequa', 3820, '54169 N Main St', '+36505273475', 'theola_frey@frey.com', '0.00'),
(150, 'Haroldson', 'Cheryl', 'Atlantic City', 8544, '92 Main St', '+36201592179', 'cheryl@haroldson.org', '0.00'),
(151, 'Merced', 'Laticia', 'Cincinnati', 5912, '72 Mannix Dr', '+36201813027', 'lmerced@gmail.com', '0.00'),
(152, 'Batman', 'Carissa', 'Eugene', 4717, '12270 Caton Center Dr', '+36201254696', 'carissa.batman@yahoo.com', '0.00'),
(153, 'Craghead', 'Lezlie', 'Smithfield', 9628, '749 W 18th St #45', '+36209775299', 'lezlie.craghead@craghead.org', '0.00'),
(154, 'Shealy', 'Ozell', 'New York', 9746, '8 Industry Ln', '+36703831485', 'oshealy@hotmail.com', '0.00'),
(155, 'Parvis', 'Arminda', 'Phoenix', 2959, '1 Huntwood Ave', '+36707018878', 'arminda@parvis.com', '0.00'),
(156, 'Leto', 'Reita', 'Indianapolis', 4117, '55262 N French Rd', '+36709310662', 'reita.leto@gmail.com', '0.00'),
(157, 'Luczki', 'Yolando', 'Syracuse', 1064, '422 E 21st St', '+36204814060', 'yolando@cox.net', '0.00'),
(158, 'Stem', 'Lizette', 'Cherry Hill', 2036, '501 N 19th Ave', '+36706392431', 'lizette.stem@aol.com', '0.00'),
(159, 'Pawlowicz', 'Gregoria', 'Garden City', 6016, '455 N Main Ave', '+36706053037', 'gpawlowicz@yahoo.com', '0.00'),
(160, 'Deleo', 'Carin', 'Little Rock', 5933, '1844 Southern Blvd', '+36201850527', 'cdeleo@deleo.com', '0.00'),
(161, 'Maynerich', 'Chantell', 'Saint Paul', 4164, '2023 Greg St', '+36203089104', 'chantell@yahoo.com', '0.00'),
(162, 'Yum', 'Dierdre', 'Philadelphia', 2951, '63381 Jenks Ave', '+36309017268', 'dyum@yahoo.com', '0.00'),
(163, 'Gudroe', 'Larae', 'Houma', 1299, '6651 Municipal Rd', '+36205854095', 'larae_gudroe@gmail.com', '0.00'),
(164, 'Tolfree', 'Latrice', 'Ronkonkoma', 6279, '81 Norris Ave #525', '+36509678195', 'latrice.tolfree@hotmail.com', '0.00'),
(165, 'Theodorov', 'Kerry', 'Sacramento', 6398, '6916 W Main St', '+36306373556', 'kerry.theodorov@gmail.com', '0.00'),
(166, 'Hidvegi', 'Dorthy', 'Boise', 5042, '9635 S Main St', '+36509660049', 'dhidvegi@yahoo.com', '0.00'),
(167, 'Lungren', 'Fannie', 'Round Rock', 8007, '17 Us Highway 111', '+36304452720', 'fannie.lungren@yahoo.com', '0.00'),
(168, 'Radde', 'Evangelina', 'Philadelphia', 6128, '992 Civic Center Dr', '+36705321015', 'evangelina@aol.com', '0.00'),
(169, 'Degroot', 'Novella', 'Hilo', 7247, '303 N Radcliffe St', '+36707245468', 'novella_degroot@degroot.org', '0.00'),
(170, 'Hoa', 'Clay', 'Reno', 7966, '73 Saint Ann St #86', '+36506993397', 'choa@hoa.org', '0.00'),
(171, 'Fallick', 'Jennifer', 'Wheeling', 2837, '44 58th St', '+36301428261', 'jfallick@yahoo.com', '0.00'),
(172, 'Wolfgramm', 'Irma', 'Randolph', 3889, '9745 W Main St', '+36708153167', 'irma.wolfgramm@hotmail.com', '0.00'),
(173, 'Coody', 'Eun', 'Spartanburg', 5742, '84 Bloomfield Ave', '+36502645539', 'eun@yahoo.com', '0.00'),
(174, 'Cousey', 'Sylvia', 'Hampstead', 4978, '287 Youngstown Warren Rd', '+36704910145', 'sylvia_cousey@cousey.org', '0.00'),
(175, 'Wrinkles', 'Nana', 'Mount Vernon', 5683, '6 Van Buren St', '+36305568288', 'nana@aol.com', '0.00'),
(176, 'Springe', 'Layla', 'New York', 8114, '229 N Forty Driv', '+36209699214', 'layla.springe@cox.net', '0.00'),
(177, 'Degonia', 'Joesph', 'Berkeley', 7720, '2887 Knowlton St #5435', '+36205595409', 'joesph_degonia@degonia.org', '0.00'),
(178, 'Boord', 'Annabelle', 'Concord', 9448, '523 Marquette Ave', '+36707066048', 'annabelle.boord@cox.net', '0.00'),
(179, 'Vinning', 'Stephaine', 'San Francisco', 7009, '3717 Hamann Industrial Pky', '+36706021846', 'stephaine@cox.net', '0.00'),
(180, 'Sawchuk', 'Nelida', 'Paramus', 2178, '3 State Route 35 S', '+36501867545', 'nelida@gmail.com', '0.00'),
(181, 'Hiatt', 'Marguerita', 'Oakley', 7593, '82 N Highway 67', '+36308773017', 'marguerita.hiatt@gmail.com', '0.00'),
(182, 'Cookey', 'Carmela', 'Chicago', 3720, '9 Murfreesboro Rd', '+36209014647', 'ccookey@cookey.org', '0.00'),
(183, 'Brideau', 'Junita', 'Cedar Grove', 9136, '6 S Broadway St', '+36506966296', 'jbrideau@aol.com', '0.00'),
(184, 'Varriano', 'Claribel', 'Perrysburg', 3195, '6 Harry L Dr #6327', '+36302812684', 'claribel_varriano@cox.net', '0.00'),
(185, 'Skursky', 'Benton', 'Gardena', 9999, '47939 Porter Ave', '+36708351029', 'benton.skursky@aol.com', '0.00'),
(186, 'Skulski', 'Hillary', 'Homosassa', 9894, '9 Wales Rd Ne #914', '+36309852527', 'hillary.skulski@aol.com', '0.00'),
(187, 'Bayless', 'Merilyn', 'Santa Clara', 8480, '195 13n N', '+36303253219', 'merilyn_bayless@cox.net', '0.00'),
(188, 'Ennaco', 'Teri', 'Hazleton', 9392, '99 Tank Farm Rd', '+36306181050', 'tennaco@gmail.com', '0.00'),
(189, 'Lawler', 'Merlyn', 'Jersey City', 2119, '4671 Alemany Blvd', '+36703852408', 'merlyn_lawler@hotmail.com', '0.00'),
(190, 'Montezuma', 'Georgene', 'San Ramon', 8022, '98 University Dr', '+36203962609', 'gmontezuma@cox.net', '0.00'),
(191, 'Mconnell', 'Jettie', 'Bridgewater', 1784, '50 E Wacker Dr', '+36305715610', 'jmconnell@hotmail.com', '0.00'),
(192, 'Latzke', 'Lemuel', 'Bohemia', 2024, '70 Euclid Ave #722', '+36702361437', 'lemuel.latzke@gmail.com', '0.00'),
(193, 'Knipp', 'Melodie', 'Thousand Oaks', 1574, '326 E Main St #6496', '+36502764188', 'mknipp@gmail.com', '0.00'),
(194, 'Corbley', 'Candida', 'Somerville', 6668, '406 Main St', '+36208588147', 'candida_corbley@hotmail.com', '0.00'),
(195, 'Karpin', 'Karan', 'Beaverton', 7809, '3 Elmwood Dr', '+36303285558', 'karan_karpin@gmail.com', '0.00'),
(196, 'Scheyer', 'Andra', 'Salem', 8460, '9 Church St', '+36304267125', 'andra@gmail.com', '0.00'),
(197, 'Poullion', 'Felicidad', 'Riverton', 9724, '9939 N 14th St', '+36203493703', 'fpoullion@poullion.com', '0.00'),
(198, 'Strassner', 'Belen', 'Douglasville', 4996, '5384 Southwyck Blvd', '+36502097448', 'belen_strassner@aol.com', '0.00'),
(199, 'Melnyk', 'Gracia', 'Jacksonville', 6393, '97 Airport Loop Dr', '+36504247361', 'gracia@melnyk.com', '0.00'),
(200, 'Hanafan', 'Jolanda', 'Bangor', 8157, '37855 Nolan Rd', '+36207705367', 'jhanafan@gmail.com', '0.00'),
(201, 'Toyama', 'Barrett', 'Kennedale', 1920, '4252 N Washington Ave #9', '+36507823284', 'barrett.toyama@toyama.org', '0.00'),
(202, 'Fredicks', 'Helga', 'Buffalo', 4924, '42754 S Ash Ave', '+36502936876', 'helga_fredicks@yahoo.com', '0.00'),
(203, 'Pinilla', 'Ashlyn', 'Opa Locka', 1692, '703 Beville Rd', '+36303260837', 'apinilla@cox.net', '0.00'),
(204, 'Agramonte', 'Fausto', 'New York', 7062, '5 Harrison Rd', '+36505434859', 'fausto_agramonte@yahoo.com', '0.00'),
(205, 'Caiafa', 'Ronny', 'Philadelphia', 7026, '73 Southern Blvd', '+36705180881', 'ronny.caiafa@caiafa.org', '0.00'),
(206, 'Limmel', 'Marge', 'Crestview', 9716, '189 Village Park Rd', '+36705615780', 'marge@gmail.com', '0.00'),
(207, 'Waymire', 'Norah', 'San Francisco', 8991, '6 Middlegate Rd #106', '+36707780408', 'norah.waymire@gmail.com', '0.00'),
(208, 'Baltimore', 'Aliza', 'San Jose', 4836, '1128 Delaware St', '+36508204473', 'aliza@aol.com', '0.00'),
(209, 'Pelkowski', 'Mozell', 'South San Francisco', 1384, '577 Parade St', '+36204025685', 'mpelkowski@pelkowski.org', '0.00'),
(210, 'Bitsuie', 'Viola', 'Northridge', 9937, '70 Mechanic St', '+36709745138', 'viola@gmail.com', '0.00'),
(211, 'Emard', 'Franklyn', 'Philadelphia', 8863, '4379 Highway 116', '+36703170910', 'femard@emard.com', '0.00'),
(212, 'Konopacki', 'Willodean', 'Lafayette', 7570, '55 Hawthorne Blvd', '+36503251229', 'willodean_konopacki@konopacki.org', '0.00'),
(213, 'Silvestrini', 'Beckie', 'Dearborn', 8837, '7116 Western Ave', '+36702433776', 'beckie.silvestrini@silvestrini.com', '0.00'),
(214, 'Gesick', 'Rebecka', 'Austin', 8984, '2026 N Plankinton Ave #3', '+36301950757', 'rgesick@gesick.org', '0.00'),
(215, 'Blunk', 'Frederica', 'Dallas', 2462, '99586 Main St', '+36502822255', 'frederica_blunk@gmail.com', '0.00'),
(216, 'Bartolet', 'Glen', 'Vashon', 6381, '8739 Hudson St', '+36704765310', 'glen_bartolet@hotmail.com', '0.00'),
(217, 'Gochal', 'Freeman', 'Coatesville', 1317, '383 Gunderman Rd #197', '+36501582956', 'freeman_gochal@aol.com', '0.00'),
(218, 'Meinerding', 'Vincent', 'Philadelphia', 6736, '4441 Point Term Mkt', '+36209391231', 'vincent.meinerding@hotmail.com', '0.00'),
(219, 'Bevelacqua', 'Rima', 'Gardena', 1194, '2972 Lafayette Ave', '+36504573602', 'rima@cox.net', '0.00'),
(220, 'Sarbacher', 'Glendora', 'Rohnert Park', 9895, '2140 Diamond Blvd', '+36308877607', 'gsarbacher@gmail.com', '0.00'),
(221, 'Steier', 'Avery', 'Orlando', 2504, '93 Redmond Rd #492', '+36702401867', 'avery@cox.net', '0.00'),
(222, 'Lother', 'Cristy', 'Escondido', 8982, '3989 Portage Tr', '+36306722134', 'cristy@lother.com', '0.00'),
(223, 'Brossart', 'Nicolette', 'Westborough', 7472, '1 Midway Rd', '+36306261556', 'nicolette_brossart@brossart.com', '0.00'),
(224, 'Modzelewski', 'Tracey', 'Conroe', 8658, '77132 Coon Rapids Blvd Nw', '+36306801501', 'tracey@hotmail.com', '0.00'),
(225, 'Tegarden', 'Virgina', 'Milwaukee', 9694, '755 Harbor Way', '+36501370195', 'virgina_tegarden@tegarden.com', '0.00'),
(226, 'Frankel', 'Tiera', 'El Monte', 5548, '87 Sierra Rd', '+36504023814', 'tfrankel@aol.com', '0.00'),
(227, 'Bergesen', 'Alaine', 'Yonkers', 3310, '7667 S Hulen St #42', '+36205618052', 'alaine_bergesen@cox.net', '0.00'),
(228, 'Mai', 'Earleen', 'Dallas', 3747, '75684 S Withlapopka Dr #32', '+36202678564', 'earleen_mai@cox.net', '0.00'),
(229, 'Gobern', 'Leonida', 'Biloxi', 6755, '5 Elmwood Park Blvd', '+36503911833', 'leonida@gobern.org', '0.00'),
(230, 'Auffrey', 'Ressie', 'Miami', 4973, '23 Palo Alto Sq', '+36501082261', 'ressie.auffrey@yahoo.com', '0.00'),
(231, 'Mugnolo', 'Justine', 'New York', 9167, '38062 E Main St', '+36301490483', 'jmugnolo@yahoo.com', '0.00'),
(232, 'Saulter', 'Eladia', 'Ramsey', 5894, '3958 S Dupont Hwy #7', '+36503634265', 'eladia@saulter.com', '0.00'),
(233, 'Malvin', 'Chaya', 'Ann Arbor', 8620, '560 Civic Center Dr', '+36508326507', 'chaya@malvin.com', '0.00'),
(234, 'Suffield', 'Gwenn', 'Deer Park', 6269, '3270 Dequindre Rd', '+36301685542', 'gwenn_suffield@suffield.org', '0.00'),
(235, 'Karpel', 'Salena', 'Canton', 6049, '1 Garfield Ave #7', '+36703710264', 'skarpel@cox.net', '0.00'),
(236, 'Fishburne', 'Yoko', 'New Haven', 6561, '9122 Carpenter Ave', '+36709478693', 'yoko@fishburne.com', '0.00'),
(237, 'Moyd', 'Taryn', 'Fairfax', 9129, '48 Lenox St', '+36709069995', 'taryn.moyd@hotmail.com', '0.00'),
(238, 'Polidori', 'Katina', 'Wilmington', 3669, '5 Little River Tpke', '+36305251353', 'katina_polidori@aol.com', '0.00'),
(239, 'Plumer', 'Rickie', 'Toledo', 5965, '3 N Groesbeck Hwy', '+36209072894', 'rickie.plumer@aol.com', '0.00'),
(240, 'Loader', 'Alex', 'Tacoma', 6939, '37 N Elm St #916', '+36704064127', 'alex@loader.com', '0.00'),
(241, 'Vizarro', 'Lashon', 'Roseville', 7127, '433 Westminster Blvd #590', '+36204209054', 'lashon@aol.com', '0.00'),
(242, 'Burnard', 'Lauran', 'Riverton', 4162, '66697 Park Pl #3224', '+36209620705', 'lburnard@burnard.com', '0.00'),
(243, 'Setter', 'Ceola', 'Warren', 6637, '96263 Greenwood Pl', '+36703038805', 'ceola.setter@setter.org', '0.00'),
(244, 'Rantanen', 'My', 'Richboro', 4859, '8 Mcarthur Ln', '+36308386146', 'my@hotmail.com', '0.00'),
(245, 'Worlds', 'Lorrine', 'Tampa', 1782, '8 Fair Lawn Ave', '+36206456474', 'lorrine.worlds@worlds.com', '0.00'),
(246, 'Sturiale', 'Peggie', 'El Cajon', 3442, '9 N 14th St', '+36507657443', 'peggie@cox.net', '0.00'),
(247, 'Raymo', 'Marvel', 'College Station', 6754, '9 Vanowen St', '+36206433801', 'mraymo@yahoo.com', '0.00'),
(248, 'Dinos', 'Daron', 'Highland Park', 3591, '18 Waterloo Geneva Rd', '+36209332284', 'daron_dinos@cox.net', '0.00'),
(249, 'Fritz', 'An', 'Atlantic City', 2787, '506 S Hacienda Dr', '+36707921995', 'an_fritz@hotmail.com', '0.00'),
(250, 'Stimmel', 'Portia', 'Bridgewater', 6446, '3732 Sherman Ave', '+36707945393', 'portia.stimmel@aol.com', '0.00'),
(251, 'Aredondo', 'Rhea', 'Brooklyn', 9760, '25657 Live Oak St', '+36208899211', 'rhea_aredondo@cox.net', '0.00'),
(252, 'Sama', 'Benedict', 'Saint Louis', 1671, '4923 Carey Ave', '+36702074440', 'bsama@cox.net', '0.00'),
(253, 'Arias', 'Alyce', 'Stockton', 9851, '3196 S Rider Trl', '+36302742446', 'alyce@arias.org', '0.00'),
(254, 'Berganza', 'Heike', 'Little Falls', 3211, '3 Railway Ave #75', '+36702154603', 'heike@gmail.com', '0.00'),
(255, 'Dopico', 'Carey', 'Indianapolis', 9299, '87393 E Highland Rd', '+36301393212', 'carey_dopico@dopico.org', '0.00'),
(256, 'Hellickson', 'Dottie', 'Seattle', 9472, '67 E Chestnut Hill Rd', '+36204116108', 'dottie@hellickson.org', '0.00'),
(257, 'Hughey', 'Deandrea', 'Burlington', 2754, '33 Lewis Rd #46', '+36505083402', 'deandrea@yahoo.com', '0.00'),
(258, 'Duenas', 'Kimberlie', 'Hays', 9624, '8100 Jacksonville Rd #7', '+36505477254', 'kimberlie_duenas@yahoo.com', '0.00'),
(259, 'Staback', 'Martina', 'Orlando', 4583, '7 W Wabansia Ave #227', '+36509034307', 'martina_staback@staback.com', '0.00'),
(260, 'Fillingim', 'Skye', 'Minneapolis', 2122, '25 Minters Chapel Rd #9', '+36701895128', 'skye_fillingim@yahoo.com', '0.00'),
(261, 'Farrar', 'Jade', 'Columbia', 8853, '6882 Torresdale Ave', '+36302502756', 'jade.farrar@yahoo.com', '0.00'),
(262, 'Hamilton', 'Charlene', 'Santa Rosa', 6627, '985 E 6th Ave', '+36208216767', 'charlene.hamilton@hotmail.com', '0.00'),
(263, 'Acey', 'Geoffrey', 'Palatine', 5164, '7 West Ave #1', '+36308900535', 'geoffrey@gmail.com', '0.00'),
(264, 'Westerbeck', 'Stevie', 'Costa Mesa', 8426, '26659 N 13th St', '+36701956656', 'stevie.westerbeck@yahoo.com', '0.00'),
(265, 'Fortino', 'Pamella', 'Denver', 5840, '669 Packerland Dr #1438', '+36502067645', 'pamella@fortino.com', '0.00'),
(266, 'Haufler', 'Harrison', 'New Haven', 3678, '759 Eldora St', '+36508546589', 'hhaufler@hotmail.com', '0.00'),
(267, 'Engelberg', 'Johnna', 'Bothell', 5652, '5 S Colorado Blvd #449', '+36503864020', 'jengelberg@engelberg.org', '0.00'),
(268, 'Cloney', 'Buddy', 'Strongsville', 7378, '944 Gaither Dr', '+36304457621', 'buddy.cloney@yahoo.com', '0.00'),
(269, 'Riden', 'Dalene', 'Plaistow', 6060, '66552 Malone Rd', '+36502940644', 'dalene.riden@aol.com', '0.00'),
(270, 'Zurcher', 'Jerry', 'Satellite Beach', 9378, '77 Massillon Rd #822', '+36505518222', 'jzurcher@zurcher.org', '0.00'),
(271, 'Denooyer', 'Haydee', 'New York', 6856, '25346 New Rd', '+36203870883', 'hdenooyer@denooyer.org', '0.00'),
(272, 'Cryer', 'Joseph', 'Huntington Beach', 3349, '60 Fillmore Ave', '+36703576348', 'joseph_cryer@cox.net', '0.00'),
(273, 'Kippley', 'Deonna', 'Southfield', 1799, '57 Haven Ave #90', '+36507040341', 'deonna_kippley@hotmail.com', '0.00'),
(274, 'Calvaresi', 'Raymon', 'Indianapolis', 9085, '6538 E Pomona St #60', '+36701368542', 'raymon.calvaresi@gmail.com', '0.00'),
(275, 'Bubash', 'Alecia', 'Wichita Falls', 5494, '6535 Joyce St', '+36509012300', 'alecia@aol.com', '0.00'),
(276, 'Layous', 'Ma', 'North Haven', 2373, '78112 Morris Ave', '+36306378495', 'mlayous@hotmail.com', '0.00'),
(277, 'Coyier', 'Detra', 'Aberdeen', 2456, '96950 Hidden Ln', '+36205991987', 'detra@aol.com', '0.00'),
(278, 'Rodeigues', 'Terrilyn', 'New Orleans', 7136, '3718 S Main St', '+36203661657', 'terrilyn.rodeigues@cox.net', '0.00'),
(279, 'Lacovara', 'Salome', 'Richmond', 4439, '9677 Commerce Dr', '+36707430889', 'slacovara@gmail.com', '0.00'),
(280, 'Keetch', 'Garry', 'Southampton', 1978, '5 Green Pond Rd #4', '+36702303665', 'garry_keetch@hotmail.com', '0.00'),
(281, 'Neither', 'Matthew', 'Shakopee', 6276, '636 Commerce Dr #42', '+36203511308', 'mneither@yahoo.com', '0.00'),
(282, 'Restrepo', 'Theodora', 'Miami', 9200, '42744 Hamann Industrial Pky #82', '+36305574993', 'theodora.restrepo@restrepo.com', '0.00'),
(283, 'Kalafatis', 'Noah', 'Milwaukee', 1412, '1950 5th Ave', '+36502023690', 'noah.kalafatis@aol.com', '0.00'),
(284, 'Sweigard', 'Carmen', 'Somerset', 1780, '61304 N French Rd', '+36709293305', 'csweigard@sweigard.com', '0.00'),
(285, 'Hengel', 'Lavonda', 'Fargo', 8925, '87 Imperial Ct #79', '+36506417052', 'lavonda@cox.net', '0.00'),
(286, 'Stoltzman', 'Junita', 'Carson City', 7044, '94 W Dodge Rd', '+36202001619', 'junita@aol.com', '0.00'),
(287, 'Nicolozakes', 'Herminia', 'Scottsdale', 6868, '4 58th St #3519', '+36502238546', 'herminia@nicolozakes.org', '0.00'),
(288, 'Good', 'Casie', 'Nashville', 2467, '5221 Bear Valley Rd', '+36308940209', 'casie.good@aol.com', '0.00'),
(289, 'Maisto', 'Reena', 'Salisbury', 6477, '9648 S Main', '+36502051341', 'reena@hotmail.com', '0.00'),
(290, 'Mallett', 'Mirta', 'New York', 4157, '7 S San Marcos Rd', '+36509115819', 'mirta_mallett@gmail.com', '0.00'),
(291, 'Pontoriero', 'Cathrine', 'Amarillo', 1088, '812 S Haven St', '+36207621607', 'cathrine.pontoriero@pontoriero.com', '0.00'),
(292, 'Tawil', 'Filiberto', 'Los Angeles', 7529, '3882 W Congress St #799', '+36506268172', 'ftawil@hotmail.com', '0.00'),
(293, 'Upthegrove', 'Raul', 'La Mesa', 9043, '4 E Colonial Dr', '+36705663380', 'rupthegrove@yahoo.com', '0.00'),
(294, 'Candlish', 'Sarah', 'Atlanta', 4137, '45 2nd Ave #9759', '+36209593230', 'sarah.candlish@gmail.com', '0.00'),
(295, 'Treston', 'Lucy', 'Worcester', 7696, '57254 Brickell Ave #372', '+36307095405', 'lucy@cox.net', '0.00'),
(296, 'Aquas', 'Judy', 'Niles', 4671, '8977 Connecticut Ave Nw #3', '+36206120218', 'jaquas@aquas.com', '0.00'),
(297, 'Tjepkema', 'Yvonne', 'Fairfield', 3444, '9 Waydell St', '+36702310095', 'yvonne.tjepkema@hotmail.com', '0.00'),
(298, 'Lace', 'Kayleigh', 'Lafayette', 9190, '43 Huey P Long Ave', '+36703258977', 'kayleigh.lace@yahoo.com', '0.00'),
(299, 'Hirpara', 'Felix', 'Denver', 7527, '7563 Cornwall Rd #4462', '+36709208993', 'felix_hirpara@cox.net', '0.00'),
(300, 'Sweely', 'Tresa', 'Valley Park', 8352, '22 Bridle Ln', '+36305978957', 'tresa_sweely@hotmail.com', '0.00'),
(301, 'Turinetti', 'Kristeen', 'Arlington', 2569, '70099 E North Ave', '+36206800573', 'kristeen@gmail.com', '0.00'),
(302, 'Regusters', 'Jenelle', 'Tampa', 6835, '3211 E Northeast Loop', '+36501496086', 'jregusters@regusters.com', '0.00'),
(303, 'Monterrubio', 'Renea', 'Atlanta', 7532, '26 Montgomery St', '+36701291138', 'renea@hotmail.com', '0.00'),
(304, 'Matuszak', 'Olive', 'Cathedral City', 1993, '13252 Lighthouse Ave', '+36701587924', 'olive@aol.com', '0.00'),
(305, 'Reiber', 'Ligia', 'Lansing', 6894, '206 Main St #2804', '+36207169780', 'lreiber@cox.net', '0.00'),
(306, 'Eschberger', 'Christiane', 'Phoenix', 6599, '96541 W Central Blvd', '+36702713404', 'christiane.eschberger@yahoo.com', '0.00'),
(307, 'Schirpke', 'Goldie', 'Bangor', 5990, '34 Saint George Ave #2', '+36204359398', 'goldie.schirpke@yahoo.com', '0.00'),
(308, 'Timenez', 'Loreta', 'Clinton', 7053, '47857 Coney Island Ave', '+36201635740', 'loreta.timenez@hotmail.com', '0.00'),
(309, 'Hauenstein', 'Fabiola', 'York', 8437, '8573 Lincoln Blvd', '+36502598816', 'fabiola.hauenstein@hauenstein.org', '0.00'),
(310, 'Perigo', 'Amie', 'Mesquite', 8401, '596 Santa Maria Ave #7913', '+36702998187', 'amie.perigo@yahoo.com', '0.00'),
(311, 'Brachle', 'Raina', 'Butte', 7316, '3829 Ventura Blvd', '+36307004838', 'raina.brachle@brachle.org', '0.00'),
(312, 'Canlas', 'Erinn', 'Livingston', 8471, '13 S Hacienda Dr', '+36203315978', 'erinn.canlas@canlas.com', '0.00'),
(313, 'Lietz', 'Cherry', 'Waterford', 9493, '40 9th Ave Sw #91', '+36706914744', 'cherry@lietz.com', '0.00'),
(314, 'Vonasek', 'Kattie', 'Cleveland', 4071, '2845 Boulder Crescent St', '+36702215988', 'kattie@vonasek.org', '0.00'),
(315, 'Scriven', 'Lilli', 'Abilene', 5477, '33 State St', '+36308812134', 'lilli@aol.com', '0.00'),
(316, 'Tomasulo', 'Whitley', 'Fort Worth', 7159, '2 S 15th St', '+36301526501', 'whitley.tomasulo@aol.com', '0.00'),
(317, 'Adkin', 'Barbra', 'Brooklyn', 6432, '4 Kohler Memorial Dr', '+36706726969', 'badkin@hotmail.com', '0.00'),
(318, 'Thyberg', 'Hermila', 'Providence', 2328, '1 Rancho Del Mar Shopping C', '+36309774502', 'hermila_thyberg@hotmail.com', '0.00'),
(319, 'Flister', 'Jesusita', 'Lancaster', 3251, '3943 N Highland Ave', '+36505523672', 'jesusita.flister@hotmail.com', '0.00'),
(320, 'Julia', 'Caitlin', 'Johnston', 6563, '5 Williams St', '+36201159732', 'caitlin.julia@julia.org', '0.00'),
(321, 'Hoffis', 'Roosevelt', 'Hialeah', 4035, '60 Old Dover Rd', '+36702047823', 'roosevelt.hoffis@aol.com', '0.00'),
(322, 'Halter', 'Helaine', 'Jersey City', 9561, '8 Sheridan Rd', '+36306400270', 'hhalter@yahoo.com', '0.00'),
(323, 'Martabano', 'Lorean', 'San Antonio', 2671, '85092 Southern Blvd', '+36703206325', 'lorean.martabano@hotmail.com', '0.00'),
(324, 'Buzick', 'France', 'Brooklyn', 6575, '64 Newman Springs Rd E', '+36503944091', 'france.buzick@yahoo.com', '0.00'),
(325, 'Ferrario', 'Justine', 'Pomona', 3106, '48 Stratford Ave', '+36201868948', 'jferrario@hotmail.com', '0.00'),
(326, 'Nabours', 'Adelina', 'Cleveland', 6510, '80 Pittsford Victor Rd #9', '+36501635744', 'adelina_nabours@gmail.com', '0.00'),
(327, 'Dhamer', 'Derick', 'New York', 8432, '87163 N Main Ave', '+36503971624', 'ddhamer@cox.net', '0.00'),
(328, 'Dallen', 'Jerry', 'Richmond', 4570, '393 Lafayette Ave', '+36308264958', 'jerry.dallen@yahoo.com', '0.00'),
(329, 'Ragel', 'Leota', 'Trion', 6845, '99 5th Ave #33', '+36303649456', 'leota.ragel@gmail.com', '0.00'),
(330, 'Amyot', 'Jutta', 'Broussard', 3347, '49 N Mays St', '+36505224803', 'jamyot@hotmail.com', '0.00'),
(331, 'Gehrett', 'Aja', 'Nutley', 8552, '993 Washington Ave', '+36508271406', 'aja_gehrett@hotmail.com', '0.00'),
(332, 'Herritt', 'Kirk', 'Vestal', 3539, '88 15th Ave Ne', '+36503874421', 'kirk.herritt@aol.com', '0.00'),
(333, 'Mauson', 'Leonora', 'Passaic', 9738, '3381 E 40th Ave', '+36702274583', 'leonora@yahoo.com', '0.00'),
(334, 'Brucato', 'Winfred', 'Moscow', 7054, '201 Ridgewood Rd', '+36301531323', 'winfred_brucato@hotmail.com', '0.00'),
(335, 'Nachor', 'Tarra', 'San Francisco', 2494, '39 Moccasin Dr', '+36202833495', 'tarra.nachor@cox.net', '0.00'),
(336, 'Loder', 'Corinne', 'North Attleboro', 1680, '4 Carroll St', '+36303402001', 'corinne@loder.org', '0.00'),
(337, 'Labreche', 'Dulce', 'Rochester', 4268, '9581 E Arapahoe Rd', '+36507771699', 'dulce_labreche@yahoo.com', '0.00'),
(338, 'Keneipp', 'Kate', 'Green Bay', 6680, '33 N Michigan Ave', '+36305005430', 'kate_keneipp@yahoo.com', '0.00'),
(339, 'Ogg', 'Kaitlyn', 'Baltimore', 3749, '2 S Biscayne Blvd', '+36209379175', 'kaitlyn.ogg@gmail.com', '0.00'),
(340, 'Saras', 'Sherita', 'Colorado Springs', 8305, '8 Us Highway 22', '+36503853993', 'sherita.saras@cox.net', '0.00'),
(341, 'Stuer', 'Lashawnda', 'Toledo', 5304, '7422 Martin Ave #8', '+36302761489', 'lstuer@cox.net', '0.00'),
(342, 'Syrop', 'Ernest', 'Hyattsville', 5072, '94 Chase Rd', '+36706713685', 'ernest@cox.net', '0.00'),
(343, 'Halsey', 'Nobuko', 'New Bedford', 8383, '8139 I Hwy 10 #92', '+36302559985', 'nobuko.halsey@yahoo.com', '0.00'),
(344, 'Wolny', 'Lavonna', 'Mc Lean', 7178, '5 Cabot Rd', '+36208145239', 'lavonna.wolny@hotmail.com', '0.00'),
(345, 'Lizama', 'Lashaunda', 'Hanover', 1233, '3387 Ryan Dr', '+36701101088', 'llizama@cox.net', '0.00'),
(346, 'Bilden', 'Mariann', 'Austin', 3125, '3125 Packer Ave #9851', '+36304824899', 'mariann.bilden@aol.com', '0.00'),
(347, 'Rodenberger', 'Helene', 'Peoria', 5565, '347 Chestnut St', '+36709021507', 'helene@aol.com', '0.00'),
(348, 'Estell', 'Roselle', 'Bucyrus', 6871, '8116 Mount Vernon Ave', '+36203624799', 'roselle.estell@hotmail.com', '0.00'),
(349, 'Heintzman', 'Samira', 'Kent', 5857, '8772 Old County Rd #5410', '+36706776666', 'sheintzman@hotmail.com', '0.00'),
(350, 'Meisel', 'Margart', 'Cincinnati', 6752, '868 State St #38', '+36302584616', 'margart_meisel@yahoo.com', '0.00'),
(351, 'Bennick', 'Kristofer', 'Bloomington', 5065, '772 W River Dr', '+36503533572', 'kristofer.bennick@yahoo.com', '0.00'),
(352, 'Acuff', 'Weldon', 'Arlington Heights', 4887, '73 W Barstow Ave', '+36707953193', 'wacuff@gmail.com', '0.00'),
(353, 'Shadrick', 'Shalon', 'Brooklyn', 8295, '61047 Mayfield Ave', '+36706833574', 'shalon@cox.net', '0.00'),
(354, 'Patak', 'Denise', 'Orlando', 3901, '2139 Santa Rosa Ave', '+36308805094', 'denise@patak.org', '0.00'),
(355, 'Beech', 'Louvenia', 'Beverly Hills', 2927, '598 43rd St', '+36205016366', 'louvenia.beech@beech.com', '0.00'),
(356, 'Yaw', 'Audry', 'Brandon', 1193, '70295 Pioneer Ct', '+36703653995', 'audry.yaw@yaw.org', '0.00'),
(357, 'Ehmann', 'Kristel', 'El Paso', 4489, '92899 Kalakaua Ave', '+36707558960', 'kristel.ehmann@aol.com', '0.00'),
(358, 'Zepp', 'Vincenza', 'El Cajon', 2229, '395 S 6th St #2', '+36307247989', 'vzepp@gmail.com', '0.00'),
(359, 'Gwalthney', 'Elouise', 'Bladensburg', 9810, '9506 Edgemore Ave', '+36202420247', 'egwalthney@yahoo.com', '0.00'),
(360, 'Maillard', 'Venita', 'Anaheim', 7278, '72119 S Walker Ave #63', '+36304803827', 'venita_maillard@gmail.com', '0.00'),
(361, 'Semidey', 'Kasandra', 'Saint Louis', 9710, '+369 Latham St #500', '+36304424194', 'kasandra_semidey@semidey.com', '0.00'),
(362, 'Discipio', 'Xochitl', 'Round Rock', 9964, '3158 Runamuck Pl', '+36709460880', 'xdiscipio@gmail.com', '0.00'),
(363, 'Linahan', 'Maile', 'Greensboro', 9498, '9 Plainsboro Rd #598', '+36703210078', 'mlinahan@yahoo.com', '0.00'),
(364, 'Rauser', 'Krissy', 'Coram', 5809, '8728 S Broad St', '+36202269571', 'krauser@cox.net', '0.00'),
(365, 'Dubaldi', 'Pete', 'Lyndhurst', 7270, '2215 Prosperity Dr', '+36505342595', 'pdubaldi@hotmail.com', '0.00'),
(366, 'Paa', 'Linn', 'Memphis', 1470, '1 S Pine St', '+36205701255', 'linn_paa@paa.com', '0.00'),
(367, 'Wide', 'Paris', 'Atlanta', 4462, '187 Market St', '+36306104272', 'paris@hotmail.com', '0.00'),
(368, 'Dorshorst', 'Wynell', 'Pacifica', 9465, '94290 S Buchanan St', '+36207560432', 'wynell_dorshorst@dorshorst.org', '0.00'),
(369, 'Birkner', 'Quentin', 'Burnsville', 9578, '7061 N 2nd St', '+36202338423', 'qbirkner@aol.com', '0.00'),
(370, 'Kannady', 'Regenia', 'Scottsdale', 3744, '10759 Main St', '+36308900521', 'regenia.kannady@cox.net', '0.00'),
(371, 'Louissant', 'Sheron', 'Long Island City', 3907, '97 E 3rd St #9', '+36209592535', 'sheron@aol.com', '0.00'),
(372, 'Funnell', 'Izetta', 'Atlanta', 4864, '82 Winsor St #54', '+36708212641', 'izetta.funnell@hotmail.com', '0.00'),
(373, 'Butzen', 'Rodolfo', 'Northfield', 5664, '41 Steel Ct', '+36208740333', 'rodolfo@hotmail.com', '0.00'),
(374, 'Colla', 'Zona', 'Norwalk', 7366, '49440 Dearborn St', '+36704285445', 'zona@hotmail.com', '0.00'),
(375, 'Zagen', 'Serina', 'Fort Wayne', 1017, '7 S Beverly Dr', '+36509770006', 'szagen@aol.com', '0.00'),
(376, 'Sahagun', 'Paz', 'Meridian', 7933, '919 Wall Blvd', '+36203370680', 'paz_sahagun@cox.net', '0.00'),
(377, 'Lukasik', 'Markus', 'Sterling Heights', 5989, '89 20th St E #779', '+36302967387', 'markus@yahoo.com', '0.00'),
(378, 'Bachman', 'Jaclyn', 'Colorado Springs', 3017, '721 Interstate 45 S', '+36704562500', 'jaclyn@aol.com', '0.00'),
(379, 'Daufeldt', 'Cyril', 'New York', 8043, '3 Lawton St', '+36208460050', 'cyril_daufeldt@daufeldt.com', '0.00'),
(380, 'Schnitzler', 'Gayla', 'Hayward', 9706, '38 Pleasant Hill Rd', '+36204229983', 'gschnitzler@gmail.com', '0.00'),
(381, 'Nievas', 'Erick', 'Chicago', 8112, '45 E Acacia Ct', '+36206771982', 'erick_nievas@aol.com', '0.00'),
(382, 'Drymon', 'Jennie', 'Scranton', 6392, '63728 Poway Rd #1', '+36305674564', 'jennie@cox.net', '0.00'),
(383, 'Scipione', 'Mitsue', 'Oroville', 4871, '77 222 Dr', '+36703876747', 'mscipione@scipione.com', '0.00'),
(384, 'Ventura', 'Ciara', 'Port Jervis', 6698, '53 W Carey St', '+36303101889', 'cventura@yahoo.com', '0.00'),
(385, 'Cantres', 'Galen', 'Brook Park', 7669, '617 Nw 36th Ave', '+36208096277', 'galen@yahoo.com', '0.00'),
(386, 'Feichtner', 'Truman', 'Bloomfield', 1842, '539 Coldwater Canyon Ave', '+36706754114', 'tfeichtner@yahoo.com', '0.00'),
(387, 'Kitty', 'Gail', 'Anchorage', 4695, '735 Crawford Dr', '+36709213190', 'gail@kitty.com', '0.00'),
(388, 'Schoeneck', 'Dalene', 'Philadelphia', 9224, '910 Rahway Ave', '+36706374144', 'dalene@schoeneck.org', '0.00'),
(389, 'Witten', 'Gertude', 'Cincinnati', 4217, '7 Tarrytown Rd', '+36704701814', 'gertude.witten@gmail.com', '0.00'),
(390, 'Kohl', 'Lizbeth', 'Gardena', 7091, '35433 Blake St #588', '+36209424468', 'lizbeth@yahoo.com', '0.00'),
(391, 'Berray', 'Glenn', 'Des Moines', 2763, '29 Cherry St #7073', '+36306898066', 'gberray@gmail.com', '0.00'),
(392, 'Klang', 'Lashandra', 'King of Prussia', 1005, '810 N La Brea Ave', '+36209732260', 'lashandra@yahoo.com', '0.00'),
(393, 'Newville', 'Lenna', 'Raleigh', 2282, '987 Main St', '+36207042287', 'lnewville@newville.com', '0.00'),
(394, 'Pagliuca', 'Laurel', 'Richland', 2323, '+36 Enterprise St Se', '+36505346608', 'laurel@yahoo.com', '0.00'),
(395, 'Frerking', 'Mireya', 'Pelham', 4576, '8429 Miller Rd', '+36308701638', 'mireya.frerking@hotmail.com', '0.00'),
(396, 'Tagala', 'Annelle', 'Parkville', 8795, '5 W 7th St', '+36301355429', 'annelle@yahoo.com', '0.00'),
(397, 'Ketelsen', 'Dean', 'Hicksville', 6899, '2 Flynn Rd', '+36702728053', 'dean_ketelsen@gmail.com', '0.00'),
(398, 'Munis', 'Levi', 'Worcester', 5710, '2094 Ne 36th Ave', '+36306122143', 'levi.munis@gmail.com', '0.00'),
(399, 'Ryser', 'Sylvie', 'Tulsa', 6730, '649 Tulane Ave', '+36705422846', 'sylvie@aol.com', '0.00'),
(400, 'Maile', 'Sharee', 'Muskegon', 9417, '2094 Montour Blvd', '+36706553365', 'sharee_maile@aol.com', '0.00'),
(401, 'Storment', 'Cordelia', 'Lafayette', 6163, '393 Hammond Dr', '+36304426577', 'cordelia_storment@aol.com', '0.00'),
(402, 'Mcdoniel', 'Mollie', 'Bowling Green', 6377, '8590 Lake Lizzie Dr', '+36502312071', 'mollie_mcdoniel@yahoo.com', '0.00'),
(403, 'Mccullan', 'Brett', 'La Mesa', 8278, '87895 Concord Rd', '+36702730004', 'brett.mccullan@mccullan.com', '0.00'),
(404, 'Pedrozo', 'Teddy', 'Bridgeport', 1992, '46314 Route 130', '+36706511003', 'teddy_pedrozo@aol.com', '0.00'),
(405, 'Andreason', 'Tasia', 'Kearny', 7382, '4 Cowesett Ave', '+36304112263', 'tasia_andreason@yahoo.com', '0.00'),
(406, 'Walthall', 'Hubert', 'Barberton', 8658, '95 Main Ave #2', '+36708365285', 'hubert@walthall.org', '0.00'),
(407, 'Farrow', 'Arthur', 'Englewood', 9131, '28 S 7th St #2824', '+36701054701', 'arthur.farrow@yahoo.com', '0.00'),
(408, 'Berlanga', 'Vilma', 'Grand Rapids', 2228, '79 S Howell Ave', '+36206649074', 'vberlanga@berlanga.com', '0.00'),
(409, 'Miro', 'Billye', 'Pearl', 2771, '+36 Lancaster Dr Se', '+36701404071', 'billye_miro@cox.net', '0.00'),
(410, 'Slayton', 'Glenna', 'Memphis', 7873, '2759 Livingston Ave', '+36709190609', 'glenna_slayton@cox.net', '0.00'),
(411, 'Hudnall', 'Mitzie', 'Englewood', 3704, '17 Jersey Ave', '+36504693634', 'mitzie_hudnall@yahoo.com', '0.00'),
(412, 'Rodefer', 'Bernardine', 'Memphis', 6318, '2 W Grand Ave', '+36201297117', 'bernardine_rodefer@yahoo.com', '0.00'),
(413, 'Schmaltz', 'Staci', 'Pasadena', 5902, '18 Coronado Ave #563', '+36307987686', 'staci_schmaltz@aol.com', '0.00'),
(414, 'Meteer', 'Nichelle', 'Chicago', 9427, '72 Beechwood Ter', '+36205851485', 'nichelle_meteer@meteer.com', '0.00'),
(415, 'Rhoden', 'Janine', 'Astoria', 3930, '92 Broadway', '+36207938140', 'jrhoden@yahoo.com', '0.00'),
(416, 'Hoopengardner', 'Ettie', 'Richland', 7196, '39 Franklin Ave', '+36306821043', 'ettie.hoopengardner@hotmail.com', '0.00'),
(417, 'Jayson', 'Eden', 'Baltimore', 6369, '4 Iwaena St', '+36708170835', 'eden_jayson@yahoo.com', '0.00'),
(418, 'Auber', 'Lynelle', 'Newark', 9574, '32820 Corkwood Rd', '+36208855812', 'lynelle_auber@gmail.com', '0.00'),
(419, 'Tomblin', 'Merissa', 'Bellflower', 3673, '34 Raritan Center Pky', '+36201436387', 'merissa.tomblin@gmail.com', '0.00'),
(420, 'Kaniecki', 'Golda', 'Toms River', 5662, '6201 S Nevada Ave', '+36704014921', 'golda_kaniecki@yahoo.com', '0.00'),
(421, 'Gleich', 'Catarina', 'Denville', 6408, '78 Maryland Dr #146', '+36706204024', 'catarina_gleich@hotmail.com', '0.00'),
(422, 'Kiel', 'Virgie', 'Denver', 4830, '76598 Rd  I 95 #1', '+36708108647', 'vkiel@hotmail.com', '0.00'),
(423, 'Ostolaza', 'Jolene', 'Newport News', 6491, '1610 14th St Nw', '+36701082474', 'jolene@yahoo.com', '0.00'),
(424, 'Borgman', 'Keneth', 'Phoenix', 4776, '86350 Roszel Rd', '+36204691354', 'keneth@yahoo.com', '0.00'),
(425, 'Nayar', 'Rikki', 'Miami', 7238, '1644 Clove Rd', '+36705503014', 'rikki@nayar.com', '0.00'),
(426, 'Sengbusch', 'Elke', 'Phoenix', 1944, '9 W Central Ave', '+36709905653', 'elke_sengbusch@yahoo.com', '0.00'),
(427, 'Sarao', 'Hoa', 'Oak Hill', 6041, '27846 Lafayette Ave', '+36508453181', 'hoa@sarao.org', '0.00'),
(428, 'Mcrae', 'Trinidad', 'San Francisco', 8726, '10276 Brooks St', '+36705751721', 'trinidad_mcrae@yahoo.com', '0.00'),
(429, 'Lueckenbach', 'Mari', 'San Diego', 3244, '1 Century Park E', '+36702673005', 'mari_lueckenbach@yahoo.com', '0.00'),
(430, 'Husser', 'Selma', 'Jersey City', 4754, '9 State Highway 57 #22', '+36205452621', 'selma.husser@cox.net', '0.00'),
(431, 'Onofrio', 'Antione', 'San Bernardino', 2385, '4 S Washington Ave', '+36303553844', 'aonofrio@onofrio.com', '0.00'),
(432, 'Jurney', 'Luisa', 'Cambridge', 5371, '25 Se 176th Pl', '+36506023463', 'ljurney@hotmail.com', '0.00'),
(433, 'Heimann', 'Clorinda', 'Escondido', 2573, '105 Richmond Valley Rd', '+36506968822', 'clorinda.heimann@hotmail.com', '0.00'),
(434, 'Wenzinger', 'Dick', 'Gardena', 1891, '22 Spruce St #595', '+36307548427', 'dick@yahoo.com', '0.00'),
(435, 'Angalich', 'Ahmed', 'Harrisburg', 7081, '2 W Beverly Blvd', '+36708769729', 'ahmed.angalich@angalich.com', '0.00'),
(436, 'Ohms', 'Iluminada', 'Mesa', 7732, '72 Southern Blvd', '+36509633336', 'iluminada.ohms@yahoo.com', '0.00'),
(437, 'Leinenbach', 'Joanna', 'Lake Worth', 6324, '1 Washington St', '+36509758629', 'joanna_leinenbach@hotmail.com', '0.00'),
(438, 'Suell', 'Caprice', 'Nashville', 7995, '90177 N 55th Ave', '+36704062868', 'caprice@aol.com', '0.00'),
(439, 'Myricks', 'Stephane', 'Burlington', 5542, '9 Tower Ave', '+36501088941', 'stephane_myricks@cox.net', '0.00'),
(440, 'Swayze', 'Quentin', 'Milan', 6603, '278 Bayview Ave', '+36507648540', 'quentin_swayze@yahoo.com', '0.00');
INSERT INTO `ugyfelek` (`id`, `vezeteknev`, `keresztnev`, `varos`, `iranyitoszam`, `cim`, `telefonszam`, `email`, `pont`) VALUES
(441, 'Castros', 'Annmarie', 'Conroe', 8472, '80312 W 32nd St', '+36502282258', 'annmarie_castros@gmail.com', '0.00'),
(442, 'Greenbush', 'Shonda', 'Clifton', 1799, '82 Us Highway 46', '+36207137969', 'shonda_greenbush@cox.net', '0.00'),
(443, 'Lapage', 'Cecil', 'Union City', 5655, '4 Stovall St #72', '+36503265163', 'clapage@lapage.com', '0.00'),
(444, 'Claucherty', 'Jeanice', 'Miami', 1128, '19 Amboy Ave', '+36507933518', 'jeanice.claucherty@yahoo.com', '0.00'),
(445, 'Villanueva', 'Josphine', 'Moss', 7799, '63 Smith Ln #8343', '+36709765268', 'josphine_villanueva@villanueva.com', '0.00'),
(446, 'Perruzza', 'Daniel', 'Santa Ana', 6191, '11360 S Halsted St', '+36509196558', 'dperruzza@perruzza.com', '0.00'),
(447, 'Wildfong', 'Cassi', 'Rolling Meadows', 7687, '26849 Jefferson Hwy', '+36703794036', 'cassi.wildfong@aol.com', '0.00'),
(448, 'Galam', 'Britt', 'Hatfield', 4150, '2500 Pringle Rd Se #508', '+36706215328', 'britt@galam.org', '0.00'),
(449, 'Lipkin', 'Adell', 'Whippany', 1343, '65 Mountain View Dr', '+36706665686', 'adell.lipkin@lipkin.com', '0.00'),
(450, 'Rowling', 'Jacqueline', 'Erie', 1727, '1 N San Saba', '+36303060347', 'jacqueline.rowling@yahoo.com', '0.00'),
(451, 'Weglarz', 'Lonny', 'Salt Lake City', 6389, '51120 State Route 18', '+36701142504', 'lonny_weglarz@gmail.com', '0.00'),
(452, 'Diestel', 'Lonna', 'Fayetteville', 5797, '1482 College Ave', '+36507492077', 'lonna_diestel@gmail.com', '0.00'),
(453, 'Samara', 'Cristal', 'Los Angeles', 4809, '4119 Metropolitan Dr', '+36301748763', 'cristal@cox.net', '0.00'),
(454, 'Grenet', 'Kenneth', 'East Lansing', 1057, '2167 Sierra Rd', '+36309576073', 'kenneth.grenet@grenet.org', '0.00'),
(455, 'Mclaird', 'Elli', 'Utica', 8443, '6 Sunrise Ave', '+36707082366', 'emclaird@mclaird.com', '0.00'),
(456, 'Jeanty', 'Alline', 'South Bend', 4283, '55713 Lake City Hwy', '+36301441071', 'ajeanty@gmail.com', '0.00'),
(457, 'Eanes', 'Sharika', 'Orlando', 7574, '75698 N Fiesta Blvd', '+36705984687', 'sharika.eanes@aol.com', '0.00'),
(458, 'Mcnease', 'Nu', 'Harrison', 8097, '88 Sw 28th Ter', '+36708282870', 'nu@gmail.com', '0.00'),
(459, 'Comnick', 'Daniela', 'Trenton', 3617, '7 Flowers Rd #403', '+36209127174', 'dcomnick@cox.net', '0.00'),
(460, 'Colaizzo', 'Cecilia', 'Madison', 5134, '4 Nw 12th St #3849', '+36505507512', 'cecilia_colaizzo@colaizzo.com', '0.00'),
(461, 'Threets', 'Leslie', 'Katonah', 4783, '2 A Kelley Dr', '+36707731128', 'leslie@cox.net', '0.00'),
(462, 'Koppinger', 'Nan', 'Greensboro', 8499, '88827 Frankford Ave', '+36509715000', 'nan@koppinger.com', '0.00'),
(463, 'Dewar', 'Izetta', 'Baltimore', 6057, '2 W Scyene Rd #3', '+36703756241', 'idewar@dewar.com', '0.00'),
(464, 'Arceo', 'Tegan', 'Monroe Township', 9640, '62260 Park Stre', '+36305489603', 'tegan.arceo@arceo.org', '0.00'),
(465, 'Keener', 'Ruthann', 'Kerrville', 7715, '3424 29th St Se', '+36708966010', 'ruthann@hotmail.com', '0.00'),
(466, 'Breland', 'Joni', 'Elk Grove Village', 8972, '35 E Main St #43', '+36504758025', 'joni_breland@cox.net', '0.00'),
(467, 'Rentfro', 'Vi', 'Freehold', 8864, '7163 W Clark Rd', '+36305974174', 'vrentfro@cox.net', '0.00'),
(468, 'Kardas', 'Colette', 'Omaha', 7657, '21575 S Apple Creek Rd', '+36301650765', 'colette.kardas@yahoo.com', '0.00'),
(469, 'Tromblay', 'Malcolm', 'Annandale', 3771, '747 Leonis Blvd', '+36708749657', 'malcolm_tromblay@cox.net', '0.00'),
(470, 'Harnos', 'Ryan', 'Plano', 1114, '13 Gunnison St', '+36506067953', 'ryan@cox.net', '0.00'),
(471, 'Chaffins', 'Jess', 'New York', 9734, '18 3rd Ave', '+36503057015', 'jess.chaffins@chaffins.org', '0.00'),
(472, 'Bourbon', 'Sharen', 'Syosset', 7382, '62 W Austin St', '+36204595854', 'sbourbon@yahoo.com', '0.00'),
(473, 'Juvera', 'Nickolas', 'Crystal River', 9477, '177 S Rider Trl #52', '+36707700946', 'nickolas_juvera@cox.net', '0.00'),
(474, 'Nunlee', 'Gary', 'Fortville', 3589, '2 W Mount Royal Ave', '+36208750436', 'gary_nunlee@nunlee.org', '0.00'),
(475, 'Devreese', 'Diane', 'Saint Joseph', 6870, '1953 Telegraph Rd', '+36702459870', 'diane@cox.net', '0.00'),
(476, 'Chavous', 'Roslyn', 'Jackson', 4318, '63517 Dupont St', '+36509727502', 'roslyn.chavous@chavous.org', '0.00'),
(477, 'Schieler', 'Glory', 'Abilene', 1747, '5 E Truman Rd', '+36707112997', 'glory@yahoo.com', '0.00'),
(478, 'Sayaphon', 'Rasheeda', 'Saratoga', 1002, '251 Park Ave #979', '+36309585201', 'rasheeda@aol.com', '0.00'),
(479, 'Palaia', 'Alpha', 'Cherry Hill', 9570, '43496 Commercial Dr #29', '+36307641096', 'alpha@yahoo.com', '0.00'),
(480, 'Jacobos', 'Refugia', 'Hayward', 8366, '2184 Worth St', '+36709813390', 'refugia.jacobos@jacobos.com', '0.00'),
(481, 'Yori', 'Shawnda', 'Longwood', 8628, '50126 N Plankinton Ave', '+36201323167', 'shawnda.yori@yahoo.com', '0.00'),
(482, 'Delasancha', 'Mona', 'Cheyenne', 7697, '38773 Gravois Ave', '+36509202399', 'mdelasancha@hotmail.com', '0.00'),
(483, 'Liukko', 'Gilma', 'Garden City', 1190, '16452 Greenwich St', '+36709202999', 'gilma_liukko@gmail.com', '0.00'),
(484, 'Gabisi', 'Janey', 'Madison', 4634, '40 Cambridge Ave', '+36708855958', 'jgabisi@hotmail.com', '0.00'),
(485, 'Paskin', 'Lili', 'Kearny', 8287, '20113 4th Ave E', '+36309790883', 'lili.paskin@cox.net', '0.00'),
(486, 'Asar', 'Loren', 'Old Forge', 1476, '6 Ridgewood Center Dr', '+36309376552', 'loren.asar@aol.com', '0.00'),
(487, 'Chesterfield', 'Dorothy', 'San Diego', 1497, '469 Outwater Ln', '+36306009372', 'dorothy@cox.net', '0.00'),
(488, 'Similton', 'Gail', 'Thousand Palms', 6991, '62 Monroe St', '+36504849566', 'gail_similton@similton.com', '0.00'),
(489, 'Tillotson', 'Catalina', 'Margate City', 4305, '3338 A Lockport Pl #6', '+36208880100', 'catalina@hotmail.com', '0.00'),
(490, 'Lorens', 'Lawrence', 'Providence', 9351, '9 Hwy', '+36703417515', 'lawrence.lorens@hotmail.com', '0.00'),
(491, 'Boulter', 'Carlee', 'Abilene', 8687, '8284 Hart St', '+36703277774', 'carlee.boulter@hotmail.com', '0.00'),
(492, 'Ankeny', 'Thaddeus', 'Roseville', 2067, '5 Washington St #1', '+36309264185', 'tankeny@ankeny.org', '0.00'),
(493, 'Oles', 'Jovita', 'Daytona Beach', 2906, '8 S Haven St', '+36305615118', 'joles@gmail.com', '0.00'),
(494, 'Hixenbaugh', 'Alesia', 'Washington', 1295, '9 Front St', '+36309003396', 'alesia_hixenbaugh@hixenbaugh.org', '0.00'),
(495, 'Harabedian', 'Lai', 'Novato', 3474, '1933 Packer Ave #2', '+36505693637', 'lai@gmail.com', '0.00'),
(496, 'Gillaspie', 'Brittni', 'Boise', 2402, '67 Rv Cent', '+36508658064', 'bgillaspie@gillaspie.com', '0.00'),
(497, 'Kampa', 'Raylene', 'Elkhart', 8174, '2 Sw Nyberg Rd', '+36205666772', 'rkampa@kampa.org', '0.00'),
(498, 'Bookamer', 'Flo', 'Alliance', 6503, '89992 E 15th St', '+36309823492', 'flo.bookamer@cox.net', '0.00'),
(499, 'Biddy', 'Jani', 'Seattle', 9290, '61556 W 20th Ave', '+36207007051', 'jbiddy@yahoo.com', '0.00'),
(500, 'Motley', 'Chauncey', 'Orlando', 5313, '63 E Aurora Dr', '+36704038402', 'chauncey_motley@aol.com', '0.00');

--
-- Indexek a kiírt táblákhoz
--

--
-- A tábla indexei `jarmuvek`
--
ALTER TABLE `jarmuvek`
  ADD PRIMARY KEY (`id`),
  ADD UNIQUE KEY `rendszam` (`rendszam`),
  ADD KEY `tipus_id` (`tipus_id`);

--
-- A tábla indexei `jarmu_tipusok`
--
ALTER TABLE `jarmu_tipusok`
  ADD PRIMARY KEY (`id`);

--
-- A tábla indexei `rendelesek`
--
ALTER TABLE `rendelesek`
  ADD PRIMARY KEY (`id`),
  ADD KEY `ugyfel_id` (`ugyfel_id`),
  ADD KEY `jarmu_id` (`jarmu_id`);

--
-- A tábla indexei `ugyfelek`
--
ALTER TABLE `ugyfelek`
  ADD PRIMARY KEY (`id`);

--
-- A kiírt táblák AUTO_INCREMENT értéke
--

--
-- AUTO_INCREMENT a táblához `jarmuvek`
--
ALTER TABLE `jarmuvek`
  MODIFY `id` int(11) NOT NULL AUTO_INCREMENT, AUTO_INCREMENT=502;

--
-- AUTO_INCREMENT a táblához `jarmu_tipusok`
--
ALTER TABLE `jarmu_tipusok`
  MODIFY `id` int(11) NOT NULL AUTO_INCREMENT, AUTO_INCREMENT=24;

--
-- AUTO_INCREMENT a táblához `rendelesek`
--
ALTER TABLE `rendelesek`
  MODIFY `id` int(11) NOT NULL AUTO_INCREMENT, AUTO_INCREMENT=7;

--
-- AUTO_INCREMENT a táblához `ugyfelek`
--
ALTER TABLE `ugyfelek`
  MODIFY `id` int(11) NOT NULL AUTO_INCREMENT, AUTO_INCREMENT=501;

--
-- Megkötések a kiírt táblákhoz
--

--
-- Megkötések a táblához `jarmuvek`
--
ALTER TABLE `jarmuvek`
  ADD CONSTRAINT `jarmuvek_ibfk_1` FOREIGN KEY (`tipus_id`) REFERENCES `jarmu_tipusok` (`id`);

--
-- Megkötések a táblához `rendelesek`
--
ALTER TABLE `rendelesek`
  ADD CONSTRAINT `rendelesek_ibfk_1` FOREIGN KEY (`ugyfel_id`) REFERENCES `ugyfelek` (`id`),
  ADD CONSTRAINT `rendelesek_ibfk_2` FOREIGN KEY (`jarmu_id`) REFERENCES `jarmuvek` (`id`);
COMMIT;

/*!40101 SET CHARACTER_SET_CLIENT=@OLD_CHARACTER_SET_CLIENT */;
/*!40101 SET CHARACTER_SET_RESULTS=@OLD_CHARACTER_SET_RESULTS */;
/*!40101 SET COLLATION_CONNECTION=@OLD_COLLATION_CONNECTION */;
